<TICKER>;<PER>;<DATE>;<TIME>;<OPEN>;<HIGH>;<LOW>;<CLOSE>;<VOL>
MOEX.SBER:SMAL;60;20220221;080000;250.2800000;250.2800000;250.2800000;250.2800000;4
MOEX.SBER:SMAL;60;20220221;090000;259.9900000;259.9900000;255.0100000;255.0100000;2
MOEX.SBER:SMAL;60;20220221;100000;256.0100000;256.4000000;256.0100000;256.4000000;6
MOEX.SBER:SMAL;60;20220221;110000;255.0000000;255.0000000;242.7800000;242.7800000;25
MOEX.SBER:SMAL;60;20220221;120000;239.7200000;242.1000000;237.8300000;240.3000000;19
MOEX.SBER:SMAL;60;20220221;130000;243.4700000;243.4700000;235.0100000;235.0100000;12
MOEX.SBER:SMAL;60;20220221;140000;238.5000000;238.5000000;235.0500000;235.0500000;7
MOEX.SBER:SMAL;60;20220221;150000;231.0000000;233.2500000;226.0000000;228.0000000;29
MOEX.SBER:SMAL;60;20220221;160000;230.0000000;235.9700000;228.0000000;230.0000000;13
MOEX.SBER:SMAL;60;20220221;170000;230.0000000;230.0000000;211.4500000;211.4500000;22
MOEX.SBER:SMAL;60;20220221;180000;214.0300000;214.0300000;210.0000000;210.0000000;16
MOEX.SBER:SMAL;60;20220221;190000;204.2900000;204.2900000;204.2900000;204.2900000;4
MOEX.SBER:SMAL;60;20220221;200000;201.5900000;213.0000000;201.5900000;213.0000000;4
MOEX.SBER:SMAL;60;20220221;210000;210.5000000;213.7800000;206.7000000;206.7000000;18
MOEX.SBER:SMAL;60;20220221;220000;204.7800000;204.7800000;200.0000000;200.0000000;4
MOEX.SBER:SMAL;60;20220221;230000;201.0700000;201.0700000;186.0000000;187.0000000;31
MOEX.SBER:SMAL;60;20220222;080000;199.9800000;204.9900000;190.5000000;196.0000000;26
MOEX.SBER:SMAL;60;20220222;090000;198.0900000;204.9900000;198.0900000;201.0000000;5
MOEX.SBER:SMAL;60;20220222;100000;202.0000000;214.9900000;191.1700000;191.1700000;13
MOEX.SBER:SMAL;60;20220222;110000;186.0100000;186.0100000;182.1200000;182.1200000;12
MOEX.SBER:SMAL;60;20220222;120000;183.7800000;198.9700000;182.1000000;198.9400000;20
MOEX.SBER:SMAL;60;20220222;130000;187.0100000;187.0100000;187.0000000;187.0000000;10
MOEX.SBER:SMAL;60;20220222;140000;184.0100000;198.8900000;184.0100000;198.8900000;14
MOEX.SBER:SMAL;60;20220222;150000;184.0500000;195.0000000;184.0500000;192.0000000;22
MOEX.SBER:SMAL;60;20220222;160000;191.0100000;217.9900000;191.0100000;217.9900000;31
MOEX.SBER:SMAL;60;20220222;170000;217.9900000;217.9900000;217.9900000;217.9900000;1
MOEX.SBER:SMAL;60;20220222;180000;210.9800000;218.0000000;210.9800000;218.0000000;2
MOEX.SBER:SMAL;60;20220222;190000;215.6000000;217.9900000;215.6000000;217.9900000;6
MOEX.SBER:SMAL;60;20220222;200000;217.9800000;217.9800000;217.9800000;217.9800000;1
MOEX.SBER:SMAL;60;20220222;220000;215.0000000;215.0000000;215.0000000;215.0000000;1
MOEX.SBER:SMAL;60;20220223;000000;206.0800000;206.0800000;206.0800000;206.0800000;1
MOEX.SBER:SMAL;60;20220224;110000;180.0000000;180.0000000;151.0000000;151.0000000;4
MOEX.SBER:SMAL;60;20220224;120000;180.0000000;190.0000000;150.1400000;150.1400000;18
MOEX.SBER:SMAL;60;20220224;130000;120.0000000;179.3500000;88.6900000;179.3500000;47
MOEX.SBER:SMAL;60;20220224;140000;179.3400000;179.3400000;91.0100000;115.0000000;41
MOEX.SBER:SMAL;60;20220224;150000;115.0000000;178.7400000;99.7500000;148.9700000;114
MOEX.SBER:SMAL;60;20220224;160000;107.0000000;107.0000000;104.7300000;104.7300000;14
MOEX.SBER:SMAL;60;20220224;170000;107.0000000;107.5000000;104.7300000;104.7300000;6
MOEX.SBER:SMAL;60;20220224;180000;104.0000000;104.0000000;99.7500000;102.0000000;12
MOEX.SBER:SMAL;60;20220224;190000;110.0000000;139.9800000;109.0000000;139.9800000;8
MOEX.SBER:SMAL;60;20220224;200000;110.7800000;112.3100000;105.0000000;112.3100000;8
MOEX.SBER:SMAL;60;20220224;210000;122.9800000;139.9300000;115.7800000;115.7800000;5
MOEX.SBER:SMAL;60;20220224;220000;139.7900000;145.9700000;105.0000000;143.7800000;15
MOEX.SBER:SMAL;60;20220224;230000;135.0000000;150.0000000;128.0000000;128.0000000;26
MOEX.SBER:SMAL;60;20220225;000000;130.0000000;135.0000000;105.7800000;135.0000000;14
MOEX.SBER:SMAL;60;20220225;110000;159.9800000;159.9800000;145.0100000;145.0100000;11
MOEX.SBER:SMAL;60;20220225;120000;145.0000000;163.7800000;126.1400000;148.7700000;38
MOEX.SBER:SMAL;60;20220225;130000;127.0000000;148.7700000;119.6400000;125.0000000;14
MOEX.SBER:SMAL;60;20220225;140000;124.0100000;129.9700000;120.0000000;120.0000000;21
MOEX.SBER:SMAL;60;20220225;150000;120.0000000;129.9800000;117.0000000;118.7800000;18
MOEX.SBER:SMAL;60;20220225;160000;118.7800000;122.7800000;118.7800000;122.0000000;28
MOEX.SBER:SMAL;60;20220225;170000;139.9800000;139.9900000;139.9800000;139.9900000;3
MOEX.SBER:SMAL;60;20220225;180000;135.0000000;139.9900000;133.0000000;133.0000000;8
MOEX.SBER:SMAL;60;20220225;190000;130.0000000;130.0000000;130.0000000;130.0000000;9
MOEX.SBER:SMAL;60;20220225;200000;158.9700000;158.9700000;158.9700000;158.9700000;3
MOEX.SBER:SMAL;60;20220225;220000;130.0200000;130.0200000;130.0000000;130.0000000;12
MOEX.SBER:SMAL;60;20220226;000000;130.0000000;130.0000000;130.0000000;130.0000000;2
MOEX.SBER:SMAL;60;20220324;110000;135.0000000;165.7500000;135.0000000;150.0000000;64
MOEX.SBER:SMAL;60;20220324;120000;150.0000000;155.9000000;141.0000000;141.0000000;58
MOEX.SBER:SMAL;60;20220324;130000;145.7200000;145.9700000;135.0000000;145.9700000;38
MOEX.SBER:SMAL;60;20220324;140000;138.0000000;145.9700000;138.0000000;145.9700000;21
MOEX.SBER:SMAL;60;20220325;110000;155.9700000;159.8600000;129.0000000;129.0000000;59
MOEX.SBER:SMAL;60;20220325;120000;131.0200000;131.0200000;128.5100000;128.5100000;11
MOEX.SBER:SMAL;60;20220325;130000;129.5100000;129.5100000;129.0100000;129.0100000;9
MOEX.SBER:SMAL;60;20220325;140000;129.0100000;129.0100000;129.0100000;129.0100000;1
MOEX.SBER:SMAL;60;20220328;110000;130.0000000;134.9700000;124.5100000;124.5100000;31
MOEX.SBER:SMAL;60;20220328;120000;124.5100000;126.7000000;124.5100000;124.5100000;4
MOEX.SBER:SMAL;60;20220328;130000;134.9700000;134.9700000;124.5100000;126.5000000;19
MOEX.SBER:SMAL;60;20220328;140000;126.0000000;126.0000000;125.6000000;126.0000000;16
MOEX.SBER:SMAL;60;20220329;110000;130.0000000;133.9900000;125.0100000;133.9900000;4
MOEX.SBER:SMAL;60;20220329;120000;133.0000000;133.0000000;125.7900000;125.7900000;6
MOEX.SBER:SMAL;60;20220329;130000;136.5000000;136.5000000;130.0000000;130.0000000;34
MOEX.SBER:SMAL;60;20220329;140000;127.0000000;127.0000000;125.7900000;127.0000000;15
MOEX.SBER:SMAL;60;20220330;110000;130.0200000;135.9900000;130.0200000;134.0300000;20
MOEX.SBER:SMAL;60;20220330;120000;131.3900000;132.5000000;131.3900000;132.5000000;18
MOEX.SBER:SMAL;60;20220330;130000;132.0000000;132.2000000;131.5000000;132.2000000;8
MOEX.SBER:SMAL;60;20220330;140000;133.7700000;133.7700000;131.5100000;133.0000000;9
MOEX.SBER:SMAL;60;20220331;110000;136.0000000;137.1600000;134.0100000;135.0100000;8
MOEX.SBER:SMAL;60;20220331;120000;138.0000000;139.0000000;137.0100000;139.0000000;23
MOEX.SBER:SMAL;60;20220331;130000;138.5000000;141.0000000;138.5000000;140.0000000;23
MOEX.SBER:SMAL;60;20220331;140000;140.0000000;144.7700000;138.5000000;144.7700000;11
MOEX.SBER:SMAL;60;20220331;150000;144.5000000;144.7800000;144.5000000;144.7800000;6
MOEX.SBER:SMAL;60;20220331;160000;144.7800000;144.8500000;142.2600000;142.2600000;22
MOEX.SBER:SMAL;60;20220331;170000;144.8200000;144.8200000;144.8200000;144.8200000;5
MOEX.SBER:SMAL;60;20220401;110000;146.0000000;151.0000000;145.0100000;151.0000000;23
MOEX.SBER:SMAL;60;20220401;120000;154.0000000;172.7900000;149.0000000;149.0000000;51
MOEX.SBER:SMAL;60;20220401;130000;150.0000000;152.6700000;150.0000000;152.6700000;4
MOEX.SBER:SMAL;60;20220401;140000;155.9700000;155.9700000;144.0100000;155.9700000;6
MOEX.SBER:SMAL;60;20220401;150000;155.9700000;155.9700000;155.9700000;155.9700000;6
MOEX.SBER:SMAL;60;20220401;160000;150.0100000;150.0100000;150.0100000;150.0100000;4
MOEX.SBER:SMAL;60;20220401;170000;154.9500000;154.9500000;154.9500000;154.9500000;1
MOEX.SBER:SMAL;60;20220401;180000;154.9400000;154.9400000;154.9400000;154.9400000;1
MOEX.SBER:SMAL;60;20220401;190000;154.4900000;154.4900000;154.4900000;154.4900000;3
MOEX.SBER:SMAL;60;20220404;110000;168.9700000;168.9700000;159.9900000;160.0000000;7
MOEX.SBER:SMAL;60;20220404;120000;159.9900000;160.0000000;148.7900000;148.7900000;15
MOEX.SBER:SMAL;60;20220404;130000;159.4800000;162.9900000;159.4800000;162.9900000;2
MOEX.SBER:SMAL;60;20220404;140000;155.0100000;163.0000000;155.0100000;163.0000000;9
MOEX.SBER:SMAL;60;20220404;150000;155.0300000;155.0300000;155.0300000;155.0300000;2
MOEX.SBER:SMAL;60;20220404;160000;160.0100000;163.9600000;160.0100000;161.0200000;11
MOEX.SBER:SMAL;60;20220404;170000;162.0200000;162.5500000;162.0100000;162.5500000;8
MOEX.SBER:SMAL;60;20220404;180000;162.5600000;163.9700000;160.0100000;160.0100000;11
MOEX.SBER:SMAL;60;20220404;190000;163.9800000;165.7700000;163.9800000;165.7700000;3
MOEX.SBER:SMAL;60;20220405;110000;166.0000000;166.0500000;163.0000000;163.0000000;8
MOEX.SBER:SMAL;60;20220405;120000;163.0000000;163.0000000;162.0000000;163.0000000;5
MOEX.SBER:SMAL;60;20220405;130000;158.8700000;158.8700000;157.0100000;157.0100000;15
MOEX.SBER:SMAL;60;20220405;140000;160.0200000;169.9800000;153.7800000;153.7800000;6
MOEX.SBER:SMAL;60;20220405;150000;150.0000000;151.9900000;150.0000000;151.9900000;6
MOEX.SBER:SMAL;60;20220405;160000;158.5000000;158.5000000;158.5000000;158.5000000;5
MOEX.SBER:SMAL;60;20220405;170000;157.0000000;157.0000000;157.0000000;157.0000000;5
MOEX.SBER:SMAL;60;20220405;180000;155.5000000;155.5000000;155.5000000;155.5000000;1
MOEX.SBER:SMAL;60;20220406;110000;148.0000000;148.0000000;148.0000000;148.0000000;1
MOEX.SBER:SMAL;60;20220406;120000;150.4200000;150.4200000;150.4200000;150.4200000;7
MOEX.SBER:SMAL;60;20220406;130000;139.0100000;139.0100000;139.0100000;139.0100000;10
MOEX.SBER:SMAL;60;20220406;140000;152.7000000;152.7000000;152.7000000;152.7000000;4
MOEX.SBER:SMAL;60;20220406;150000;156.4200000;156.4200000;145.0300000;145.0300000;4
MOEX.SBER:SMAL;60;20220406;160000;151.0000000;151.0000000;151.0000000;151.0000000;1
MOEX.SBER:SMAL;60;20220406;170000;150.9900000;150.9900000;150.9900000;150.9900000;1
MOEX.SBER:SMAL;60;20220406;180000;145.0300000;145.0300000;140.0100000;140.0100000;17
MOEX.SBER:SMAL;60;20220406;190000;140.7900000;140.7900000;140.7900000;140.7900000;6
MOEX.SBER:SMAL;60;20220407;110000;145.0000000;145.0000000;139.0000000;145.0000000;17
MOEX.SBER:SMAL;60;20220407;120000;146.9800000;146.9800000;146.9800000;146.9800000;2
MOEX.SBER:SMAL;60;20220407;130000;147.9500000;147.9500000;147.5000000;147.5000000;12
MOEX.SBER:SMAL;60;20220407;160000;147.6900000;147.6900000;147.6900000;147.6900000;12
MOEX.SBER:SMAL;60;20220407;170000;146.2200000;146.2200000;145.8000000;145.8000000;22
MOEX.SBER:SMAL;60;20220407;180000;147.6900000;147.6900000;145.6900000;145.6900000;2
MOEX.SBER:SMAL;60;20220408;110000;147.7000000;147.7000000;147.7000000;147.7000000;1
MOEX.SBER:SMAL;60;20220408;120000;148.0000000;148.0000000;145.9500000;145.9500000;13
MOEX.SBER:SMAL;60;20220408;140000;146.4900000;148.6600000;145.5100000;145.5900000;15
MOEX.SBER:SMAL;60;20220408;150000;145.5000000;148.7700000;145.0000000;145.0000000;11
MOEX.SBER:SMAL;60;20220408;160000;147.0000000;147.0000000;140.7900000;140.7900000;7
MOEX.SBER:SMAL;60;20220408;180000;141.8800000;141.8800000;141.8800000;141.8800000;5
MOEX.SBER:SMAL;60;20220411;110000;144.0000000;149.9800000;144.0000000;149.9800000;6
MOEX.SBER:SMAL;60;20220411;130000;149.9600000;149.9600000;144.0000000;144.0000000;20
MOEX.SBER:SMAL;60;20220411;140000;143.0000000;147.9100000;143.0000000;147.9100000;6
MOEX.SBER:SMAL;60;20220411;150000;143.0000000;145.0000000;142.0000000;142.0000000;8
MOEX.SBER:SMAL;60;20220411;160000;142.0000000;142.0000000;142.0000000;142.0000000;1
MOEX.SBER:SMAL;60;20220411;170000;141.5000000;141.5000000;140.0000000;140.0000000;17
MOEX.SBER:SMAL;60;20220411;180000;139.5000000;139.5000000;139.5000000;139.5000000;1
MOEX.SBER:SMAL;60;20220412;110000;136.0000000;136.0000000;132.0100000;132.0100000;11
MOEX.SBER:SMAL;60;20220412;120000;132.0000000;132.0000000;130.2100000;130.2100000;19
MOEX.SBER:SMAL;60;20220412;130000;130.5100000;130.5100000;130.5100000;130.5100000;8
MOEX.SBER:SMAL;60;20220412;140000;130.5100000;130.5100000;130.5100000;130.5100000;5
MOEX.SBER:SMAL;60;20220412;160000;135.9700000;135.9700000;134.4700000;134.4700000;4
MOEX.SBER:SMAL;60;20220412;170000;132.1000000;132.1000000;132.1000000;132.1000000;1
MOEX.SBER:SMAL;60;20220412;190000;137.8800000;137.8800000;137.8700000;137.8700000;2
MOEX.SBER:SMAL;60;20220413;120000;139.9400000;139.9400000;133.0200000;133.0200000;22
MOEX.SBER:SMAL;60;20220413;130000;133.0000000;139.8200000;133.0000000;139.8200000;4
MOEX.SBER:SMAL;60;20220413;160000;131.6200000;131.6200000;131.6200000;131.6200000;3
MOEX.SBER:SMAL;60;20220413;180000;135.7100000;135.7100000;135.7100000;135.7100000;1
MOEX.SBER:SMAL;60;20220414;110000;138.9700000;138.9700000;138.9700000;138.9700000;1
MOEX.SBER:SMAL;60;20220414;120000;131.5100000;131.5100000;131.5100000;131.5100000;3
MOEX.SBER:SMAL;60;20220414;130000;133.1100000;133.1100000;131.5100000;131.5100000;6
MOEX.SBER:SMAL;60;20220414;150000;132.0000000;132.0000000;131.5100000;131.5100000;4
MOEX.SBER:SMAL;60;20220414;160000;131.5100000;131.5100000;131.5100000;131.5100000;2
MOEX.SBER:SMAL;60;20220414;170000;131.0000000;131.0000000;130.5000000;130.5000000;2
MOEX.SBER:SMAL;60;20220414;190000;130.5000000;130.5000000;129.5100000;129.5100000;33
MOEX.SBER:SMAL;60;20220415;110000;125.5000000;138.9900000;125.5000000;138.9900000;2
MOEX.SBER:SMAL;60;20220415;120000;130.5400000;130.5400000;129.5000000;129.5000000;14
MOEX.SBER:SMAL;60;20220415;140000;129.0000000;129.0000000;128.1000000;129.0000000;15
MOEX.SBER:SMAL;60;20220415;150000;129.0000000;129.0000000;127.5100000;127.5100000;6
MOEX.SBER:SMAL;60;20220415;180000;129.0300000;131.8800000;129.0300000;131.8800000;2
MOEX.SBER:SMAL;60;20220418;110000;132.0000000;132.0000000;128.0000000;131.9700000;8
MOEX.SBER:SMAL;60;20220418;130000;129.0000000;129.0000000;127.0000000;127.0000000;3
MOEX.SBER:SMAL;60;20220418;140000;131.9700000;131.9700000;126.2800000;126.2800000;19
MOEX.SBER:SMAL;60;20220418;150000;126.2500000;126.2500000;125.9300000;125.9300000;5
MOEX.SBER:SMAL;60;20220418;180000;125.7900000;125.7900000;120.0100000;120.0100000;15
MOEX.SBER:SMAL;60;20220418;190000;124.0100000;124.0100000;124.0100000;124.0100000;2
MOEX.SBER:SMAL;60;20220419;110000;124.9700000;124.9700000;124.9700000;124.9700000;7
MOEX.SBER:SMAL;60;20220419;120000;119.2100000;121.5000000;119.2100000;120.5000000;13
MOEX.SBER:SMAL;60;20220419;130000;121.5100000;121.6000000;120.3100000;120.3100000;4
MOEX.SBER:SMAL;60;20220419;140000;120.3100000;120.3100000;118.0100000;118.0100000;9
MOEX.SBER:SMAL;60;20220419;150000;118.0000000;118.0000000;117.5100000;117.5100000;11
MOEX.SBER:SMAL;60;20220419;160000;119.9700000;119.9700000;119.9600000;119.9600000;2
MOEX.SBER:SMAL;60;20220419;170000;119.9600000;119.9600000;119.9600000;119.9600000;9
MOEX.SBER:SMAL;60;20220419;180000;119.9600000;120.8800000;119.9600000;120.8800000;7
MOEX.SBER:SMAL;60;20220420;110000;115.0100000;117.0200000;115.0100000;117.0200000;17
MOEX.SBER:SMAL;60;20220420;130000;122.9500000;124.9400000;119.0100000;124.9400000;24
MOEX.SBER:SMAL;60;20220420;140000;121.0000000;121.0000000;120.0300000;120.0300000;2
MOEX.SBER:SMAL;60;20220420;150000;122.0000000;122.0000000;120.5200000;120.5200000;9
MOEX.SBER:SMAL;60;20220420;160000;123.2400000;123.3700000;123.2400000;123.3700000;2
MOEX.SBER:SMAL;60;20220420;180000;124.9400000;124.9400000;120.0400000;120.0400000;6
MOEX.SBER:SMAL;60;20220421;110000;121.0000000;121.0000000;119.0000000;119.0000000;3
MOEX.SBER:SMAL;60;20220421;120000;119.6300000;119.6300000;119.6300000;119.6300000;1
MOEX.SBER:SMAL;60;20220421;130000;118.0100000;122.3700000;118.0100000;122.3700000;6
MOEX.SBER:SMAL;60;20220421;140000;122.3700000;122.3700000;122.3700000;122.3700000;1
MOEX.SBER:SMAL;60;20220421;180000;122.2900000;122.2900000;122.2900000;122.2900000;4
MOEX.SBER:SMAL;60;20220422;110000;124.8600000;124.8600000;120.0000000;123.9700000;5
MOEX.SBER:SMAL;60;20220422;120000;117.0100000;123.9700000;117.0100000;123.9700000;3
MOEX.SBER:SMAL;60;20220422;130000;118.9000000;118.9000000;118.4600000;118.4600000;9
MOEX.SBER:SMAL;60;20220422;150000;117.0000000;117.0000000;117.0000000;117.0000000;1
MOEX.SBER:SMAL;60;20220422;170000;116.0000000;116.0000000;116.0000000;116.0000000;4
MOEX.SBER:SMAL;60;20220425;110000;116.9900000;118.9700000;116.0000000;118.9700000;4
MOEX.SBER:SMAL;60;20220425;120000;117.7700000;117.7700000;113.0000000;114.2000000;22
MOEX.SBER:SMAL;60;20220425;130000;112.0000000;116.2800000;112.0000000;116.2800000;6
MOEX.SBER:SMAL;60;20220425;160000;112.1000000;112.1000000;112.1000000;112.1000000;7
MOEX.SBER:SMAL;60;20220425;180000;114.0000000;114.0000000;114.0000000;114.0000000;1
MOEX.SBER:SMAL;60;20220425;190000;115.9700000;115.9700000;115.9700000;115.9700000;8
MOEX.SBER:SMAL;60;20220426;110000;113.0000000;113.0000000;112.0100000;112.0100000;10
MOEX.SBER:SMAL;60;20220426;120000;115.3500000;115.3500000;112.0700000;112.0700000;7
MOEX.SBER:SMAL;60;20220426;150000;118.9600000;120.9700000;118.9600000;120.9700000;2
MOEX.SBER:SMAL;60;20220426;170000;116.2700000;116.2700000;116.2700000;116.2700000;1
MOEX.SBER:SMAL;60;20220426;180000;120.7800000;123.1000000;120.7800000;123.1000000;25
MOEX.SBER:SMAL;60;20220426;190000;122.4900000;122.4900000;122.4900000;122.4900000;1
MOEX.SBER:SMAL;60;20220427;110000;121.0000000;129.9700000;121.0000000;129.8400000;17
MOEX.SBER:SMAL;60;20220427;120000;129.7600000;129.7600000;125.0800000;125.0800000;2
MOEX.SBER:SMAL;60;20220427;160000;129.6000000;129.6000000;129.6000000;129.6000000;1
MOEX.SBER:SMAL;60;20220427;170000;127.5200000;135.3100000;127.5200000;135.3100000;5
MOEX.SBER:SMAL;60;20220427;190000;131.0000000;131.0000000;130.8500000;130.8500000;2
MOEX.SBER:SMAL;60;20220428;110000;132.0500000;132.0500000;131.0000000;131.0000000;2
MOEX.SBER:SMAL;60;20220428;120000;130.0100000;130.0100000;130.0100000;130.0100000;9
MOEX.SBER:SMAL;60;20220428;140000;133.2000000;133.3300000;131.7800000;131.7800000;14
MOEX.SBER:SMAL;60;20220428;150000;131.5600000;131.5600000;127.0800000;127.0800000;49
MOEX.SBER:SMAL;60;20220428;160000;127.0700000;127.0700000;125.9700000;126.0000000;22
MOEX.SBER:SMAL;60;20220428;180000;126.0000000;126.0000000;125.7000000;125.7000000;2
MOEX.SBER:SMAL;60;20220428;190000;127.0700000;127.0700000;123.8000000;124.0000000;12
MOEX.SBER:SMAL;60;20220429;110000;125.0000000;125.0000000;124.1100000;124.1100000;2
MOEX.SBER:SMAL;60;20220429;130000;126.9800000;127.5000000;126.9800000;127.5000000;11
MOEX.SBER:SMAL;60;20220429;170000;126.0800000;130.0000000;126.0800000;130.0000000;2
MOEX.SBER:SMAL;60;20220429;180000;128.0000000;128.0000000;128.0000000;128.0000000;4
MOEX.SBER:SMAL;60;20220429;190000;128.5600000;128.5600000;128.5600000;128.5600000;4
MOEX.SBER:SMAL;60;20220504;110000;128.0100000;128.0100000;125.8100000;126.2100000;12
MOEX.SBER:SMAL;60;20220504;120000;125.5000000;125.5000000;124.1000000;124.1000000;4
MOEX.SBER:SMAL;60;20220504;130000;124.2400000;124.2400000;123.4800000;123.4800000;5
MOEX.SBER:SMAL;60;20220504;140000;126.0000000;126.0000000;126.0000000;126.0000000;1
MOEX.SBER:SMAL;60;20220504;150000;126.0000000;126.0000000;126.0000000;126.0000000;9
MOEX.SBER:SMAL;60;20220504;160000;125.4200000;125.4200000;125.4200000;125.4200000;1
MOEX.SBER:SMAL;60;20220504;170000;123.7900000;123.7900000;123.7900000;123.7900000;8
MOEX.SBER:SMAL;60;20220504;180000;125.2200000;125.2200000;125.2200000;125.2200000;2
MOEX.SBER:SMAL;60;20220505;140000;123.1300000;123.1300000;123.1300000;123.1300000;2
MOEX.SBER:SMAL;60;20220505;150000;123.4100000;124.4000000;123.4100000;124.4000000;10
MOEX.SBER:SMAL;60;20220505;180000;124.0000000;124.0000000;123.2900000;123.2900000;6
MOEX.SBER:SMAL;60;20220506;110000;124.0000000;124.0000000;121.9000000;121.9000000;7
MOEX.SBER:SMAL;60;20220506;120000;123.0000000;123.0000000;121.5900000;121.5900000;5
MOEX.SBER:SMAL;60;20220506;130000;122.3900000;122.3900000;121.5700000;121.9100000;8
MOEX.SBER:SMAL;60;20220506;140000;123.9900000;123.9900000;123.9900000;123.9900000;13
MOEX.SBER:SMAL;60;20220506;150000;123.9900000;123.9900000;123.9900000;123.9900000;3
MOEX.SBER:SMAL;60;20220506;160000;122.5100000;122.5100000;122.5100000;122.5100000;2
MOEX.SBER:SMAL;60;20220506;180000;123.9900000;123.9900000;123.9900000;123.9900000;1
MOEX.SBER:SMAL;60;20220506;190000;123.5000000;123.9900000;123.5000000;123.9900000;13
MOEX.SBER:SMAL;60;20220511;110000;121.5100000;125.6200000;121.5100000;125.0000000;18
MOEX.SBER:SMAL;60;20220511;120000;124.6100000;125.5600000;124.1000000;124.1000000;7
MOEX.SBER:SMAL;60;20220511;130000;123.9900000;123.9900000;123.9900000;123.9900000;10
MOEX.SBER:SMAL;60;20220511;150000;124.9900000;124.9900000;124.9900000;124.9900000;1
MOEX.SBER:SMAL;60;20220511;160000;123.8100000;123.8100000;123.4500000;123.4500000;10
MOEX.SBER:SMAL;60;20220511;170000;123.1500000;123.1500000;123.0100000;123.0100000;4
MOEX.SBER:SMAL;60;20220511;180000;123.1700000;123.9900000;123.1700000;123.9900000;13
MOEX.SBER:SMAL;60;20220511;190000;123.9000000;123.9900000;123.9000000;123.9900000;14
MOEX.SBER:SMAL;60;20220512;110000;125.7100000;125.7100000;122.1000000;122.1000000;3
MOEX.SBER:SMAL;60;20220512;120000;123.0000000;123.0000000;123.0000000;123.0000000;2
MOEX.SBER:SMAL;60;20220512;140000;121.9700000;121.9700000;121.9700000;121.9700000;7
MOEX.SBER:SMAL;60;20220512;160000;122.9900000;122.9900000;122.9900000;122.9900000;2
MOEX.SBER:SMAL;60;20220512;170000;121.9600000;121.9600000;121.3600000;121.3600000;6
MOEX.SBER:SMAL;60;20220512;190000;121.0000000;121.0000000;119.6300000;119.6300000;4
MOEX.SBER:SMAL;60;20220513;120000;124.9700000;124.9800000;119.2400000;119.2400000;4
MOEX.SBER:SMAL;60;20220513;130000;119.6900000;121.3000000;118.8800000;121.3000000;6
MOEX.SBER:SMAL;60;20220513;150000;121.9700000;121.9700000;121.9700000;121.9700000;9
MOEX.SBER:SMAL;60;20220513;180000;121.9700000;121.9700000;121.9700000;121.9700000;2
MOEX.SBER:SMAL;60;20220513;190000;119.9100000;119.9100000;119.9100000;119.9100000;2
MOEX.SBER:SMAL;60;20220516;130000;123.0000000;123.0000000;121.0000000;121.0000000;3
MOEX.SBER:SMAL;60;20220516;140000;123.9600000;123.9600000;123.9600000;123.9600000;1
MOEX.SBER:SMAL;60;20220516;150000;121.0600000;121.0600000;121.0600000;121.0600000;4
MOEX.SBER:SMAL;60;20220516;170000;122.3100000;123.5500000;122.3100000;123.5500000;14
MOEX.SBER:SMAL;60;20220516;180000;123.0000000;123.0000000;123.0000000;123.0000000;6
MOEX.SBER:SMAL;60;20220517;120000;124.5100000;124.5100000;124.5100000;124.5100000;1
MOEX.SBER:SMAL;60;20220517;130000;126.0000000;126.0000000;126.0000000;126.0000000;3
MOEX.SBER:SMAL;60;20220517;140000;125.9600000;126.0000000;124.8300000;124.8300000;11
MOEX.SBER:SMAL;60;20220517;150000;125.0100000;125.0100000;125.0100000;125.0100000;1
MOEX.SBER:SMAL;60;20220517;160000;126.0000000;126.0000000;126.0000000;126.0000000;2
MOEX.SBER:SMAL;60;20220517;170000;126.0000000;126.9100000;126.0000000;126.9100000;16
MOEX.SBER:SMAL;60;20220517;190000;125.8000000;125.8000000;125.8000000;125.8000000;4
MOEX.SBER:SMAL;60;20220518;110000;128.1900000;132.0000000;128.0000000;132.0000000;36
MOEX.SBER:SMAL;60;20220518;120000;129.9900000;132.0100000;129.4100000;129.4100000;6
MOEX.SBER:SMAL;60;20220518;170000;129.0000000;129.0000000;126.0100000;126.0100000;5
MOEX.SBER:SMAL;60;20220518;190000;126.0000000;126.0000000;126.0000000;126.0000000;1
MOEX.SBER:SMAL;60;20220519;130000;125.5900000;128.8700000;125.5900000;128.8700000;2
MOEX.SBER:SMAL;60;20220519;180000;128.8500000;128.8500000;128.8500000;128.8500000;4
MOEX.SBER:SMAL;60;20220520;110000;127.9900000;127.9900000;125.0000000;125.0000000;2
MOEX.SBER:SMAL;60;20220520;120000;124.7000000;124.7000000;124.5000000;124.5000000;10
MOEX.SBER:SMAL;60;20220520;160000;123.4100000;123.4100000;123.0000000;123.0000000;4
MOEX.SBER:SMAL;60;20220523;110000;122.9900000;123.0000000;122.9900000;123.0000000;5
MOEX.SBER:SMAL;60;20220523;120000;121.0000000;121.0000000;121.0000000;121.0000000;1
MOEX.SBER:SMAL;60;20220523;130000;123.0500000;123.0500000;121.0100000;121.0100000;3
MOEX.SBER:SMAL;60;20220523;140000;120.7000000;120.7000000;120.5000000;120.5000000;3
MOEX.SBER:SMAL;60;20220523;170000;120.0000000;120.0000000;120.0000000;120.0000000;1
MOEX.SBER:SMAL;60;20220523;180000;120.0000000;120.0000000;119.0000000;119.0000000;2
MOEX.SBER:SMAL;60;20220524;110000;121.7900000;121.7900000;121.7900000;121.7900000;3
MOEX.SBER:SMAL;60;20220524;120000;117.9800000;117.9800000;117.5000000;117.5100000;10
MOEX.SBER:SMAL;60;20220524;130000;120.0000000;120.0000000;120.0000000;120.0000000;1
MOEX.SBER:SMAL;60;20220524;140000;117.5100000;119.9000000;117.5100000;119.9000000;3
MOEX.SBER:SMAL;60;20220524;150000;121.2700000;123.9500000;120.2100000;120.2100000;5
MOEX.SBER:SMAL;60;20220524;180000;122.0100000;122.1100000;122.0100000;122.1100000;8
MOEX.SBER:SMAL;60;20220525;140000;124.0000000;124.0000000;122.2000000;122.2000000;9
MOEX.SBER:SMAL;60;20220525;150000;122.2500000;122.2500000;120.9300000;120.9300000;2
MOEX.SBER:SMAL;60;20220525;160000;123.9700000;123.9700000;123.1000000;123.1000000;2
MOEX.SBER:SMAL;60;20220525;170000;124.0000000;124.0000000;120.8500000;120.8500000;7
MOEX.SBER:SMAL;60;20220526;110000;124.9900000;124.9900000;124.5100000;124.5100000;13
MOEX.SBER:SMAL;60;20220526;120000;125.6600000;125.6600000;125.6600000;125.6600000;1
MOEX.SBER:SMAL;60;20220526;150000;123.5000000;124.5000000;123.5000000;124.5000000;6
MOEX.SBER:SMAL;60;20220526;160000;125.0000000;125.4000000;125.0000000;125.4000000;3
MOEX.SBER:SMAL;60;20220527;130000;122.0000000;122.0000000;122.0000000;122.0000000;2
MOEX.SBER:SMAL;60;20220527;140000;121.3100000;121.3100000;121.3100000;121.3100000;3
MOEX.SBER:SMAL;60;20220527;170000;122.0000000;122.0000000;122.0000000;122.0000000;1
MOEX.SBER:SMAL;60;20220530;110000;122.0400000;122.0400000;122.0400000;122.0400000;1
MOEX.SBER:SMAL;60;20220530;130000;123.9700000;123.9700000;123.9700000;123.9700000;1
MOEX.SBER:SMAL;60;20220530;140000;122.0400000;122.0400000;121.4100000;121.4100000;6
MOEX.SBER:SMAL;60;20220530;150000;123.9700000;123.9800000;123.9600000;123.9600000;22
MOEX.SBER:SMAL;60;20220530;170000;121.0000000;121.0000000;120.8100000;120.8100000;2
MOEX.SBER:SMAL;60;20220530;190000;120.8100000;120.8100000;120.5100000;120.5100000;3
MOEX.SBER:SMAL;60;20220531;110000;118.5000000;118.5000000;118.5000000;118.5000000;1
MOEX.SBER:SMAL;60;20220531;120000;119.0000000;119.9700000;118.0000000;119.9700000;12
MOEX.SBER:SMAL;60;20220531;130000;118.3000000;118.3000000;118.3000000;118.3000000;1
MOEX.SBER:SMAL;60;20220531;150000;119.9700000;119.9700000;119.9700000;119.9700000;4
MOEX.SBER:SMAL;60;20220531;160000;120.7700000;120.7700000;120.7700000;120.7700000;2
MOEX.SBER:SMAL;60;20220531;170000;118.9000000;118.9000000;118.9000000;118.9000000;1
MOEX.SBER:SMAL;60;20220531;180000;117.8600000;117.8600000;117.8600000;117.8600000;4
MOEX.SBER:SMAL;60;20220601;120000;121.0000000;121.0000000;121.0000000;121.0000000;1
MOEX.SBER:SMAL;60;20220601;130000;120.0100000;120.0100000;120.0100000;120.0100000;5
MOEX.SBER:SMAL;60;20220601;150000;121.2900000;121.9000000;121.2900000;121.9000000;2
MOEX.SBER:SMAL;60;20220601;160000;121.0800000;121.5100000;121.0800000;121.5100000;20
MOEX.SBER:SMAL;60;20220601;170000;121.5100000;122.0800000;121.5100000;122.0800000;13
MOEX.SBER:SMAL;60;20220601;190000;122.8000000;122.8000000;122.8000000;122.8000000;3
MOEX.SBER:SMAL;60;20220602;110000;123.8900000;123.9600000;119.8200000;119.8200000;11
MOEX.SBER:SMAL;60;20220602;120000;118.8600000;122.9600000;118.8600000;122.9600000;13
MOEX.SBER:SMAL;60;20220602;130000;122.9700000;122.9700000;122.9700000;122.9700000;1
MOEX.SBER:SMAL;60;20220602;140000;119.1100000;119.9900000;118.8700000;118.8700000;13
MOEX.SBER:SMAL;60;20220602;150000;119.3500000;119.3500000;119.3500000;119.3500000;1
MOEX.SBER:SMAL;60;20220603;110000;120.0000000;123.9700000;119.5000000;119.5000000;3
MOEX.SBER:SMAL;60;20220603;120000;122.9200000;122.9200000;116.7800000;116.7800000;5
MOEX.SBER:SMAL;60;20220603;130000;117.9700000;117.9700000;117.9700000;117.9700000;1
MOEX.SBER:SMAL;60;20220603;140000;118.1000000;118.1000000;118.1000000;118.1000000;1
MOEX.SBER:SMAL;60;20220603;150000;117.0100000;118.1400000;117.0100000;118.1400000;4
MOEX.SBER:SMAL;60;20220603;170000;118.1400000;118.1400000;118.1400000;118.1400000;9
MOEX.SBER:SMAL;60;20220603;190000;118.1400000;118.6100000;118.1400000;118.6100000;8
MOEX.SBER:SMAL;60;20220606;110000;123.9400000;123.9400000;117.3200000;117.3200000;3
MOEX.SBER:SMAL;60;20220606;150000;120.4500000;120.4500000;118.7000000;118.7000000;14
MOEX.SBER:SMAL;60;20220606;170000;118.0600000;118.0600000;118.0600000;118.0600000;3
MOEX.SBER:SMAL;60;20220607;110000;120.4900000;120.4900000;120.4900000;120.4900000;2
MOEX.SBER:SMAL;60;20220607;130000;118.0000000;118.0000000;118.0000000;118.0000000;2
MOEX.SBER:SMAL;60;20220607;140000;118.0000000;118.0000000;117.5600000;117.5600000;2
MOEX.SBER:SMAL;60;20220607;180000;120.4900000;120.4900000;120.4900000;120.4900000;1
MOEX.SBER:SMAL;60;20220607;190000;120.4900000;120.4900000;120.4900000;120.4900000;1
MOEX.SBER:SMAL;60;20220608;110000;117.9600000;117.9600000;117.9600000;117.9600000;5
MOEX.SBER:SMAL;60;20220608;120000;120.5000000;121.5900000;120.5000000;121.5900000;7
MOEX.SBER:SMAL;60;20220608;130000;120.9900000;120.9900000;120.9900000;120.9900000;4
MOEX.SBER:SMAL;60;20220608;150000;123.9500000;123.9600000;120.4000000;120.4000000;6
MOEX.SBER:SMAL;60;20220608;170000;120.8700000;120.8700000;120.8700000;120.8700000;6
MOEX.SBER:SMAL;60;20220608;180000;121.9800000;121.9800000;121.9800000;121.9800000;1
MOEX.SBER:SMAL;60;20220609;110000;119.0000000;119.0000000;119.0000000;119.0000000;1
MOEX.SBER:SMAL;60;20220609;130000;117.4200000;117.4200000;117.4200000;117.4200000;1
MOEX.SBER:SMAL;60;20220610;110000;118.6000000;118.6000000;118.6000000;118.6000000;1
MOEX.SBER:SMAL;60;20220610;120000;117.7100000;117.7100000;117.7100000;117.7100000;8
MOEX.SBER:SMAL;60;20220610;130000;118.9900000;118.9900000;118.9900000;118.9900000;1
MOEX.SBER:SMAL;60;20220610;150000;117.5200000;117.5200000;117.5200000;117.5200000;2
MOEX.SBER:SMAL;60;20220610;170000;118.3000000;118.3000000;118.2000000;118.2000000;2
MOEX.SBER:SMAL;60;20220614;110000;117.0100000;117.0100000;117.0100000;117.0100000;1
MOEX.SBER:SMAL;60;20220614;120000;118.5000000;119.0000000;118.5000000;119.0000000;10
MOEX.SBER:SMAL;60;20220614;130000;119.5000000;119.5000000;119.5000000;119.5000000;2
MOEX.SBER:SMAL;60;20220614;150000;119.0000000;119.0000000;119.0000000;119.0000000;1
MOEX.SBER:SMAL;60;20220614;160000;118.5200000;119.9900000;117.9900000;119.9900000;4
MOEX.SBER:SMAL;60;20220614;170000;118.2600000;118.2600000;118.2600000;118.2600000;1
MOEX.SBER:SMAL;60;20220615;120000;122.9600000;122.9600000;122.9600000;122.9600000;1
MOEX.SBER:SMAL;60;20220615;130000;120.1500000;120.1500000;120.1500000;120.1500000;1
MOEX.SBER:SMAL;60;20220615;140000;120.1500000;120.1500000;120.1500000;120.1500000;3
MOEX.SBER:SMAL;60;20220615;160000;120.1500000;120.1500000;120.1500000;120.1500000;1
MOEX.SBER:SMAL;60;20220616;110000;122.2500000;124.8900000;122.2500000;124.8900000;3
MOEX.SBER:SMAL;60;20220616;120000;122.9000000;122.9000000;122.5900000;122.5900000;4
MOEX.SBER:SMAL;60;20220616;140000;121.5100000;121.5100000;121.5100000;121.5100000;2
MOEX.SBER:SMAL;60;20220616;150000;122.0000000;122.0000000;122.0000000;122.0000000;4
MOEX.SBER:SMAL;60;20220616;160000;122.8000000;123.1900000;122.8000000;123.0000000;4
MOEX.SBER:SMAL;60;20220616;190000;123.5800000;123.5800000;123.5800000;123.5800000;5
MOEX.SBER:SMAL;60;20220617;120000;124.0000000;124.0000000;123.0000000;124.0000000;4
MOEX.SBER:SMAL;60;20220617;160000;124.0000000;124.0000000;122.3300000;122.3300000;8
MOEX.SBER:SMAL;60;20220617;170000;124.0000000;124.0000000;124.0000000;124.0000000;2
MOEX.SBER:SMAL;60;20220617;180000;124.5900000;124.5900000;124.5900000;124.5900000;1
MOEX.SBER:SMAL;60;20220617;190000;123.9200000;123.9200000;123.3100000;123.3100000;4
MOEX.SBER:SMAL;60;20220620;110000;125.0000000;125.0000000;123.0000000;124.7800000;10
MOEX.SBER:SMAL;60;20220620;120000;123.8900000;123.8900000;123.5100000;123.5100000;4
MOEX.SBER:SMAL;60;20220620;130000;124.9900000;124.9900000;124.9900000;124.9900000;2
MOEX.SBER:SMAL;60;20220620;150000;124.7200000;124.9900000;124.7200000;124.9900000;10
MOEX.SBER:SMAL;60;20220620;160000;125.5800000;125.5900000;125.5800000;125.5900000;12
MOEX.SBER:SMAL;60;20220620;170000;125.5900000;125.8900000;125.5900000;125.8900000;3
MOEX.SBER:SMAL;60;20220620;180000;125.5000000;127.2900000;125.5000000;127.2900000;20
MOEX.SBER:SMAL;60;20220620;190000;127.8300000;131.0900000;127.8300000;130.0100000;13
MOEX.SBER:SMAL;60;20220621;110000;130.0000000;130.0100000;129.6000000;129.6000000;5
MOEX.SBER:SMAL;60;20220621;130000;128.8900000;129.0000000;128.8900000;129.0000000;5
MOEX.SBER:SMAL;60;20220621;180000;130.0000000;130.0000000;130.0000000;130.0000000;1
MOEX.SBER:SMAL;60;20220621;190000;129.2100000;129.2100000;129.2000000;129.2000000;2
MOEX.SBER:SMAL;60;20220622;110000;129.0000000;129.0000000;129.0000000;129.0000000;2
MOEX.SBER:SMAL;60;20220622;130000;130.8000000;130.8000000;130.8000000;130.8000000;1
MOEX.SBER:SMAL;60;20220622;140000;130.7000000;130.7000000;130.7000000;130.7000000;1
MOEX.SBER:SMAL;60;20220622;150000;130.0100000;130.0100000;130.0100000;130.0100000;1
MOEX.SBER:SMAL;60;20220622;170000;130.0000000;130.3900000;130.0000000;130.3900000;12
MOEX.SBER:SMAL;60;20220622;190000;131.7800000;132.3600000;131.7800000;132.3600000;2
MOEX.SBER:SMAL;60;20220623;110000;125.0100000;136.4700000;122.8400000;136.4700000;70
MOEX.SBER:SMAL;60;20220623;130000;136.7700000;136.7700000;136.7700000;136.7700000;2
MOEX.SBER:SMAL;60;20220623;140000;136.7800000;137.4800000;136.7800000;137.4800000;6
MOEX.SBER:SMAL;60;20220623;160000;138.2700000;138.2700000;138.2700000;138.2700000;4
MOEX.SBER:SMAL;60;20220623;170000;137.1000000;137.1000000;137.1000000;137.1000000;1
MOEX.SBER:SMAL;60;20220623;180000;135.8000000;135.8000000;135.8000000;135.8000000;1
MOEX.SBER:SMAL;60;20220624;110000;136.4000000;137.0000000;136.4000000;136.4000000;11
MOEX.SBER:SMAL;60;20220624;130000;137.0000000;137.0000000;137.0000000;137.0000000;1
MOEX.SBER:SMAL;60;20220624;160000;136.7800000;136.7800000;136.0000000;136.0000000;5
MOEX.SBER:SMAL;60;20220624;170000;137.1900000;137.1900000;137.1900000;137.1900000;2
MOEX.SBER:SMAL;60;20220624;190000;137.0000000;137.3100000;135.5100000;137.3100000;10
MOEX.SBER:SMAL;60;20220627;110000;138.4900000;138.4900000;138.4900000;138.4900000;1
MOEX.SBER:SMAL;60;20220627;120000;139.8700000;140.0000000;139.6500000;139.6500000;8
MOEX.SBER:SMAL;60;20220627;130000;139.5500000;140.4100000;139.5500000;140.4100000;19
MOEX.SBER:SMAL;60;20220627;140000;140.0000000;141.9500000;140.0000000;140.0500000;7
MOEX.SBER:SMAL;60;20220627;150000;140.5000000;140.5000000;140.5000000;140.5000000;1
MOEX.SBER:SMAL;60;20220627;160000;141.0900000;141.9500000;141.0900000;141.9500000;5
MOEX.SBER:SMAL;60;20220627;190000;141.3900000;141.3900000;141.3900000;141.3900000;7
MOEX.SBER:SMAL;60;20220628;120000;139.5000000;139.5000000;135.5000000;137.7300000;115
MOEX.SBER:SMAL;60;20220628;130000;137.9900000;137.9900000;137.2400000;137.2400000;7
MOEX.SBER:SMAL;60;20220628;150000;139.5000000;139.5000000;139.5000000;139.5000000;1
MOEX.SBER:SMAL;60;20220628;160000;140.0000000;140.0000000;140.0000000;140.0000000;4
MOEX.SBER:SMAL;60;20220628;170000;140.0000000;140.0000000;140.0000000;140.0000000;1
MOEX.SBER:SMAL;60;20220628;180000;140.7000000;140.7000000;140.7000000;140.7000000;1
MOEX.SBER:SMAL;60;20220629;130000;137.1100000;137.1100000;137.1100000;137.1100000;1
MOEX.SBER:SMAL;60;20220629;150000;137.5000000;137.5000000;136.7100000;136.7100000;9
MOEX.SBER:SMAL;60;20220629;160000;136.7000000;136.7000000;134.4600000;135.0000000;21
MOEX.SBER:SMAL;60;20220629;170000;138.8700000;138.8700000;138.8700000;138.8700000;1
MOEX.SBER:SMAL;60;20220629;180000;135.0400000;135.0400000;135.0000000;135.0000000;2
MOEX.SBER:SMAL;60;20220629;190000;134.6000000;134.6000000;134.4900000;134.4900000;22
MOEX.SBER:SMAL;60;20220630;110000;133.0100000;133.0100000;127.2800000;127.2800000;6
MOEX.SBER:SMAL;60;20220630;120000;127.5000000;127.5000000;127.0000000;127.0000000;9
MOEX.SBER:SMAL;60;20220630;130000;126.6700000;127.5000000;126.0100000;126.0100000;10
MOEX.SBER:SMAL;60;20220630;170000;129.9900000;129.9900000;126.0100000;126.0100000;17
MOEX.SBER:SMAL;60;20220630;190000;126.1000000;126.1000000;125.0000000;125.4900000;5
MOEX.SBER:SMAL;60;20220701;130000;128.0000000;128.0000000;128.0000000;128.0000000;1
MOEX.SBER:SMAL;60;20220701;160000;128.0300000;128.0300000;128.0300000;128.0300000;6
MOEX.SBER:SMAL;60;20220701;170000;132.0000000;135.6300000;132.0000000;133.0000000;11
MOEX.SBER:SMAL;60;20220701;190000;131.0000000;133.0000000;131.0000000;133.0000000;7
MOEX.SBER:SMAL;60;20220704;120000;129.1700000;129.1700000;127.8300000;127.8300000;20
MOEX.SBER:SMAL;60;20220704;130000;128.3300000;128.6700000;128.3300000;128.6700000;4
MOEX.SBER:SMAL;60;20220704;140000;128.5700000;128.5700000;128.5400000;128.5400000;22
MOEX.SBER:SMAL;60;20220704;160000;127.8800000;127.8800000;127.8100000;127.8100000;4
MOEX.SBER:SMAL;60;20220704;190000;131.4000000;131.4000000;131.4000000;131.4000000;1
MOEX.SBER:SMAL;60;20220705;110000;132.7800000;132.7800000;131.5200000;131.5200000;3
MOEX.SBER:SMAL;60;20220705;120000;133.4000000;133.4000000;133.4000000;133.4000000;2
MOEX.SBER:SMAL;60;20220705;140000;133.5100000;134.0600000;133.5100000;134.0600000;4
MOEX.SBER:SMAL;60;20220705;150000;135.4200000;135.4200000;135.4200000;135.4200000;1
MOEX.SBER:SMAL;60;20220705;160000;134.0900000;134.0900000;134.0900000;134.0900000;2
MOEX.SBER:SMAL;60;20220705;170000;135.5100000;135.5100000;135.5100000;135.5100000;1
MOEX.SBER:SMAL;60;20220705;180000;132.5500000;133.9000000;132.5500000;133.9000000;6
MOEX.SBER:SMAL;60;20220705;190000;133.2000000;133.2000000;133.2000000;133.2000000;1
MOEX.SBER:SMAL;60;20220706;110000;135.7900000;138.6300000;135.0000000;135.0000000;12
MOEX.SBER:SMAL;60;20220706;120000;136.3000000;138.6300000;134.8200000;134.8200000;31
MOEX.SBER:SMAL;60;20220706;170000;137.9900000;137.9900000;137.9900000;137.9900000;2
MOEX.SBER:SMAL;60;20220707;110000;139.1600000;139.1600000;134.0000000;134.0000000;7
MOEX.SBER:SMAL;60;20220707;170000;133.1200000;133.1200000;133.1200000;133.1200000;1
MOEX.SBER:SMAL;60;20220707;180000;134.3000000;134.3000000;134.3000000;134.3000000;1
MOEX.SBER:SMAL;60;20220707;190000;134.4800000;134.4800000;134.4800000;134.4800000;1
MOEX.SBER:SMAL;60;20220708;110000;133.9900000;134.4900000;133.9900000;134.4900000;5
MOEX.SBER:SMAL;60;20220708;120000;131.5400000;131.8000000;131.3200000;131.4000000;12
MOEX.SBER:SMAL;60;20220708;150000;131.3800000;131.3800000;131.3800000;131.3800000;2
MOEX.SBER:SMAL;60;20220708;160000;132.5000000;132.9800000;132.5000000;132.9800000;6
MOEX.SBER:SMAL;60;20220708;180000;132.7900000;132.7900000;132.7900000;132.7900000;1
MOEX.SBER:SMAL;60;20220711;110000;134.9800000;134.9800000;130.0500000;130.0500000;9
MOEX.SBER:SMAL;60;20220711;120000;132.7800000;132.7800000;130.3100000;131.0100000;10
MOEX.SBER:SMAL;60;20220711;130000;129.8300000;129.8300000;129.2800000;129.2800000;10
MOEX.SBER:SMAL;60;20220711;140000;129.2700000;129.2700000;129.0100000;129.0100000;5
MOEX.SBER:SMAL;60;20220711;150000;128.5200000;130.9800000;128.0000000;130.9800000;6
MOEX.SBER:SMAL;60;20220711;180000;127.7000000;129.0000000;127.5500000;129.0000000;11
MOEX.SBER:SMAL;60;20220711;190000;130.9700000;130.9700000;126.8800000;126.8800000;5
MOEX.SBER:SMAL;60;20220712;120000;126.2500000;126.2500000;126.2500000;126.2500000;1
MOEX.SBER:SMAL;60;20220712;150000;128.3400000;128.3400000;126.8000000;126.8000000;4
MOEX.SBER:SMAL;60;20220712;160000;126.0900000;126.0900000;126.0900000;126.0900000;4
MOEX.SBER:SMAL;60;20220712;170000;128.0000000;128.0000000;128.0000000;128.0000000;1
MOEX.SBER:SMAL;60;20220712;180000;128.8900000;128.8900000;128.8900000;128.8900000;1
MOEX.SBER:SMAL;60;20220712;190000;128.7100000;129.0100000;128.6000000;129.0100000;9
MOEX.SBER:SMAL;60;20220713;120000;130.0700000;130.0700000;130.0700000;130.0700000;1
MOEX.SBER:SMAL;60;20220713;150000;126.2600000;126.2600000;125.6400000;125.6400000;5
MOEX.SBER:SMAL;60;20220713;160000;128.9700000;128.9700000;128.9700000;128.9700000;1
MOEX.SBER:SMAL;60;20220713;180000;125.7200000;127.0000000;125.5300000;127.0000000;7
MOEX.SBER:SMAL;60;20220713;190000;125.5200000;125.5200000;125.5200000;125.5200000;3
MOEX.SBER:SMAL;60;20220714;150000;126.0600000;126.0600000;125.7800000;125.7800000;2
MOEX.SBER:SMAL;60;20220715;110000;125.9000000;125.9000000;125.9000000;125.9000000;2
MOEX.SBER:SMAL;60;20220715;120000;125.9900000;125.9900000;125.9900000;125.9900000;1
MOEX.SBER:SMAL;60;20220715;130000;125.1400000;125.1400000;125.1400000;125.1400000;7
MOEX.SBER:SMAL;60;20220715;150000;125.1700000;125.1700000;125.1700000;125.1700000;2
MOEX.SBER:SMAL;60;20220715;160000;128.0000000;128.0000000;128.0000000;128.0000000;2
MOEX.SBER:SMAL;60;20220715;170000;128.5000000;128.5000000;128.5000000;128.5000000;1
MOEX.SBER:SMAL;60;20220715;180000;129.4900000;129.4900000;129.4900000;129.4900000;1
MOEX.SBER:SMAL;60;20220718;160000;127.5000000;127.5000000;127.1400000;127.1400000;2
MOEX.SBER:SMAL;60;20220719;130000;126.5100000;126.5100000;126.5100000;126.5100000;1
MOEX.SBER:SMAL;60;20220719;150000;125.8000000;125.8000000;125.8000000;125.8000000;2
MOEX.SBER:SMAL;60;20220719;190000;126.4800000;126.4800000;126.4800000;126.4800000;1
MOEX.SBER:SMAL;60;20220720;110000;128.6000000;128.6000000;128.6000000;128.6000000;1
MOEX.SBER:SMAL;60;20220720;140000;127.4700000;127.4700000;127.4700000;127.4700000;3
MOEX.SBER:SMAL;60;20220720;180000;127.4700000;127.4700000;127.4100000;127.4100000;10
MOEX.SBER:SMAL;60;20220720;190000;127.4100000;127.4100000;126.6500000;126.6500000;10
MOEX.SBER:SMAL;60;20220721;120000;124.0800000;124.0800000;123.3900000;123.7900000;9
MOEX.SBER:SMAL;60;20220721;130000;123.8000000;123.8000000;123.8000000;123.8000000;4
MOEX.SBER:SMAL;60;20220721;140000;125.5000000;126.1900000;124.3300000;126.1900000;3
MOEX.SBER:SMAL;60;20220721;160000;123.4100000;123.4100000;123.4100000;123.4100000;2
MOEX.SBER:SMAL;60;20220721;170000;123.7800000;123.7800000;123.7800000;123.7800000;3
MOEX.SBER:SMAL;60;20220721;180000;124.1400000;125.4900000;124.1400000;125.4900000;2
MOEX.SBER:SMAL;60;20220721;190000;125.4000000;125.4000000;125.4000000;125.4000000;1
MOEX.SBER:SMAL;60;20220722;120000;125.8100000;125.8100000;125.8100000;125.8100000;6
MOEX.SBER:SMAL;60;20220722;130000;125.8700000;125.8700000;125.8700000;125.8700000;9
MOEX.SBER:SMAL;60;20220722;140000;127.9800000;128.1900000;126.5100000;126.5100000;12
MOEX.SBER:SMAL;60;20220722;150000;126.5000000;126.5000000;125.8100000;125.8100000;2
MOEX.SBER:SMAL;60;20220722;180000;125.8000000;125.8000000;125.8000000;125.8000000;1
MOEX.SBER:SMAL;60;20220725;110000;126.5000000;127.6000000;126.0000000;127.6000000;6
MOEX.SBER:SMAL;60;20220725;120000;128.5000000;129.5200000;126.5100000;129.5200000;17
MOEX.SBER:SMAL;60;20220725;140000;127.7900000;127.7900000;127.7900000;127.7900000;18
MOEX.SBER:SMAL;60;20220725;160000;127.7800000;130.7800000;127.7800000;130.7800000;12
MOEX.SBER:SMAL;60;20220725;170000;127.1100000;127.1100000;127.1100000;127.1100000;6
MOEX.SBER:SMAL;60;20220725;180000;130.9900000;130.9900000;130.9800000;130.9800000;2
MOEX.SBER:SMAL;60;20220726;110000;130.0000000;130.0000000;127.7300000;127.7300000;6
MOEX.SBER:SMAL;60;20220726;120000;132.3000000;132.7800000;132.3000000;132.7800000;2
MOEX.SBER:SMAL;60;20220726;130000;131.0100000;131.0100000;131.0100000;131.0100000;2
MOEX.SBER:SMAL;60;20220726;150000;131.5000000;131.5000000;131.0800000;131.0800000;2
MOEX.SBER:SMAL;60;20220726;180000;130.5000000;130.5000000;130.5000000;130.5000000;1
MOEX.SBER:SMAL;60;20220726;190000;132.4800000;132.4800000;132.4800000;132.4800000;1
MOEX.SBER:SMAL;60;20220727;110000;132.9800000;135.7700000;132.9800000;135.7700000;7
MOEX.SBER:SMAL;60;20220727;140000;135.3900000;135.3900000;135.3900000;135.3900000;2
MOEX.SBER:SMAL;60;20220727;160000;133.1200000;133.1200000;131.7800000;131.7800000;2
MOEX.SBER:SMAL;60;20220728;140000;132.4700000;132.4700000;132.4700000;132.4700000;3
MOEX.SBER:SMAL;60;20220728;150000;130.1700000;130.1700000;130.1700000;130.1700000;8
MOEX.SBER:SMAL;60;20220728;170000;130.2300000;130.2300000;130.2300000;130.2300000;2
MOEX.SBER:SMAL;60;20220728;190000;132.4900000;132.4900000;132.4900000;132.4900000;7
MOEX.SBER:SMAL;60;20220729;140000;131.8600000;131.8600000;131.8600000;131.8600000;1
MOEX.SBER:SMAL;60;20220729;150000;131.3400000;131.5000000;131.3400000;131.5000000;2
MOEX.SBER:SMAL;60;20220729;160000;129.8700000;129.8700000;129.8700000;129.8700000;10
MOEX.SBER:SMAL;60;20220729;180000;131.0000000;131.0000000;131.0000000;131.0000000;1
MOEX.SBER:SMAL;60;20220801;110000;130.1000000;130.1200000;130.1000000;130.1200000;5
MOEX.SBER:SMAL;60;20220801;120000;132.6700000;132.6700000;129.1500000;129.1500000;20
MOEX.SBER:SMAL;60;20220801;130000;132.6700000;132.6700000;132.6700000;132.6700000;3
MOEX.SBER:SMAL;60;20220801;160000;130.0000000;130.0000000;128.6800000;128.6800000;31
MOEX.SBER:SMAL;60;20220801;170000;128.7800000;128.7800000;128.7600000;128.7600000;7
MOEX.SBER:SMAL;60;20220801;180000;128.2800000;128.2800000;127.3700000;127.8600000;9
MOEX.SBER:SMAL;60;20220802;130000;129.9700000;129.9700000;129.9700000;129.9700000;1
MOEX.SBER:SMAL;60;20220802;140000;129.3000000;129.3000000;127.6600000;127.6600000;18
MOEX.SBER:SMAL;60;20220802;170000;127.2900000;127.2900000;126.0900000;126.0900000;4
MOEX.SBER:SMAL;60;20220802;180000;128.9600000;128.9600000;128.9600000;128.9600000;1
MOEX.SBER:SMAL;60;20220802;190000;128.8200000;128.8200000;126.4100000;126.4100000;8
MOEX.SBER:SMAL;60;20220803;110000;126.6800000;126.6800000;126.6800000;126.6800000;3
MOEX.SBER:SMAL;60;20220803;160000;126.8300000;128.9700000;126.8300000;128.9700000;3
MOEX.SBER:SMAL;60;20220803;170000;126.8200000;126.8200000;126.6900000;126.6900000;5
MOEX.SBER:SMAL;60;20220804;120000;129.9400000;129.9400000;129.9400000;129.9400000;7
MOEX.SBER:SMAL;60;20220804;130000;127.0200000;127.0200000;127.0200000;127.0200000;1
MOEX.SBER:SMAL;60;20220804;150000;127.0100000;127.0100000;127.0100000;127.0100000;1
MOEX.SBER:SMAL;60;20220804;160000;126.0200000;126.0200000;126.0200000;126.0200000;2
MOEX.SBER:SMAL;60;20220805;110000;124.7900000;124.7900000;124.7900000;124.7900000;1
MOEX.SBER:SMAL;60;20220805;120000;123.0100000;123.0100000;123.0100000;123.0100000;6
MOEX.SBER:SMAL;60;20220805;150000;122.7000000;122.7000000;122.0000000;122.0000000;12
MOEX.SBER:SMAL;60;20220805;160000;123.0100000;123.0100000;123.0100000;123.0100000;1
MOEX.SBER:SMAL;60;20220805;170000;122.0100000;122.0100000;122.0100000;122.0100000;2
MOEX.SBER:SMAL;60;20220805;180000;122.0100000;123.5000000;122.0100000;123.5000000;18
MOEX.SBER:SMAL;60;20220805;190000;123.5000000;123.5000000;123.5000000;123.5000000;7
MOEX.SBER:SMAL;60;20220808;110000;125.7000000;126.9700000;125.7000000;126.9700000;2
MOEX.SBER:SMAL;60;20220808;120000;126.9600000;126.9600000;124.0000000;124.0000000;10
MOEX.SBER:SMAL;60;20220808;140000;124.0000000;126.5700000;122.7900000;126.5700000;5
MOEX.SBER:SMAL;60;20220808;150000;121.8400000;121.8400000;121.8400000;121.8400000;2
MOEX.SBER:SMAL;60;20220808;160000;122.0100000;122.0100000;122.0000000;122.0000000;2
MOEX.SBER:SMAL;60;20220808;190000;125.7700000;125.7700000;120.5700000;120.6000000;41
MOEX.SBER:SMAL;60;20220809;130000;123.9800000;123.9800000;123.9800000;123.9800000;1
MOEX.SBER:SMAL;60;20220809;140000;123.8700000;123.8700000;123.5700000;123.5700000;14
MOEX.SBER:SMAL;60;20220809;150000;123.5700000;125.9800000;123.5700000;125.9800000;5
MOEX.SBER:SMAL;60;20220809;160000;125.9800000;125.9800000;125.9800000;125.9800000;1
MOEX.SBER:SMAL;60;20220809;190000;125.9300000;125.9800000;125.9300000;125.9800000;10
MOEX.SBER:SMAL;60;20220810;130000;124.0800000;124.0800000;123.2100000;123.2100000;15
MOEX.SBER:SMAL;60;20220810;150000;124.0200000;124.0200000;123.7900000;123.7900000;2
MOEX.SBER:SMAL;60;20220810;160000;123.7900000;123.7900000;123.7900000;123.7900000;2
MOEX.SBER:SMAL;60;20220811;120000;126.2600000;126.2600000;126.2600000;126.2600000;9
MOEX.SBER:SMAL;60;20220811;130000;127.6900000;127.6900000;127.6900000;127.6900000;2
MOEX.SBER:SMAL;60;20220811;150000;125.0000000;125.0000000;125.0000000;125.0000000;1
MOEX.SBER:SMAL;60;20220811;160000;125.0000000;126.9800000;125.0000000;126.9800000;6
MOEX.SBER:SMAL;60;20220811;180000;124.1600000;124.1600000;123.7900000;123.7900000;20
MOEX.SBER:SMAL;60;20220811;190000;123.7900000;123.7900000;123.5800000;123.5800000;10
MOEX.SBER:SMAL;60;20220812;130000;125.5300000;125.9300000;125.5300000;125.9300000;3
MOEX.SBER:SMAL;60;20220812;150000;123.0800000;123.0800000;121.8600000;121.8600000;3
MOEX.SBER:SMAL;60;20220812;160000;121.7800000;121.7800000;121.2100000;121.2100000;2
MOEX.SBER:SMAL;60;20220812;180000;124.9800000;125.4800000;121.7800000;121.7800000;12
MOEX.SBER:SMAL;60;20220815;140000;121.9000000;121.9000000;121.9000000;121.9000000;5
MOEX.SBER:SMAL;60;20220815;150000;123.7400000;123.7400000;123.7400000;123.7400000;4
MOEX.SBER:SMAL;60;20220815;160000;122.9900000;122.9900000;122.0700000;122.0700000;2
MOEX.SBER:SMAL;60;20220815;170000;124.7800000;124.7800000;124.7800000;124.7800000;1
MOEX.SBER:SMAL;60;20220815;180000;124.8700000;124.8700000;124.8700000;124.8700000;1
MOEX.SBER:SMAL;60;20220816;120000;125.9800000;125.9800000;125.9800000;125.9800000;1
MOEX.SBER:SMAL;60;20220816;130000;126.9800000;126.9800000;126.9800000;126.9800000;1
MOEX.SBER:SMAL;60;20220816;160000;125.1400000;125.1400000;125.0800000;125.0800000;2
MOEX.SBER:SMAL;60;20220817;110000;126.6000000;127.0700000;126.6000000;127.0700000;15
MOEX.SBER:SMAL;60;20220817;120000;124.4300000;126.1000000;124.4300000;126.1000000;11
MOEX.SBER:SMAL;60;20220817;150000;126.1000000;126.1000000;125.6500000;125.6500000;2
MOEX.SBER:SMAL;60;20220817;160000;124.4300000;124.4300000;124.4300000;124.4300000;2
MOEX.SBER:SMAL;60;20220817;170000;124.4300000;124.4300000;124.4300000;124.4300000;7
MOEX.SBER:SMAL;60;20220818;110000;124.4900000;124.4900000;124.4900000;124.4900000;1
MOEX.SBER:SMAL;60;20220818;140000;123.4100000;123.4100000;123.4100000;123.4100000;4
MOEX.SBER:SMAL;60;20220818;170000;123.4100000;123.4100000;123.4100000;123.4100000;1
MOEX.SBER:SMAL;60;20220818;180000;125.1300000;125.1300000;125.1300000;125.1300000;1
MOEX.SBER:SMAL;60;20220818;190000;125.1300000;125.1300000;124.6100000;124.6100000;18
MOEX.SBER:SMAL;60;20220819;130000;123.8300000;127.9500000;123.8200000;127.9500000;8
MOEX.SBER:SMAL;60;20220819;150000;127.8400000;127.8400000;127.8400000;127.8400000;2
MOEX.SBER:SMAL;60;20220819;160000;124.3700000;126.9900000;124.3700000;126.9900000;3
MOEX.SBER:SMAL;60;20220822;130000;127.9300000;127.9500000;127.9300000;127.9500000;2
MOEX.SBER:SMAL;60;20220822;150000;124.6600000;124.6600000;124.1000000;124.1000000;2
MOEX.SBER:SMAL;60;20220822;160000;124.3000000;124.3000000;122.7900000;122.7900000;8
MOEX.SBER:SMAL;60;20220822;170000;123.9000000;123.9000000;122.7900000;122.7900000;8
MOEX.SBER:SMAL;60;20220823;110000;124.0000000;124.0000000;123.5100000;123.5100000;7
MOEX.SBER:SMAL;60;20220823;120000;128.9800000;128.9800000;128.9800000;128.9800000;1
MOEX.SBER:SMAL;60;20220823;130000;129.5000000;129.5000000;129.5000000;129.5000000;1
MOEX.SBER:SMAL;60;20220823;140000;126.9900000;126.9900000;126.2100000;126.2100000;6
MOEX.SBER:SMAL;60;20220823;150000;126.9900000;126.9900000;126.9900000;126.9900000;2
MOEX.SBER:SMAL;60;20220823;160000;128.0000000;128.0000000;128.0000000;128.0000000;8
MOEX.SBER:SMAL;60;20220823;180000;129.8900000;129.8900000;129.8900000;129.8900000;8
MOEX.SBER:SMAL;60;20220823;190000;129.9300000;129.9300000;129.9300000;129.9300000;1
MOEX.SBER:SMAL;60;20220824;110000;130.6000000;130.6000000;129.9300000;129.9300000;2
MOEX.SBER:SMAL;60;20220824;140000;130.9500000;130.9500000;130.9500000;130.9500000;5
MOEX.SBER:SMAL;60;20220824;160000;129.7000000;129.7000000;127.7800000;127.7800000;4
MOEX.SBER:SMAL;60;20220825;110000;125.5900000;128.0000000;125.5900000;128.0000000;22
MOEX.SBER:SMAL;60;20220825;120000;125.8100000;129.5000000;125.8100000;128.0100000;11
MOEX.SBER:SMAL;60;20220825;150000;128.0000000;128.0000000;128.0000000;128.0000000;1
MOEX.SBER:SMAL;60;20220825;160000;127.0000000;127.0000000;124.3300000;124.3300000;4
MOEX.SBER:SMAL;60;20220825;180000;127.9900000;127.9900000;127.9900000;127.9900000;1
MOEX.SBER:SMAL;60;20220826;150000;127.0100000;128.8500000;127.0100000;128.8500000;5
MOEX.SBER:SMAL;60;20220826;180000;130.0000000;130.0000000;130.0000000;130.0000000;1
MOEX.SBER:SMAL;60;20220826;190000;130.0000000;130.0000000;130.0000000;130.0000000;2
MOEX.SBER:SMAL;60;20220829;110000;130.5000000;132.6100000;130.5000000;132.6100000;6
MOEX.SBER:SMAL;60;20220829;150000;130.0100000;130.0100000;130.0000000;130.0000000;2
MOEX.SBER:SMAL;60;20220829;170000;130.7400000;130.7400000;130.7400000;130.7400000;1
MOEX.SBER:SMAL;60;20220830;110000;131.0000000;131.9800000;131.0000000;131.7500000;8
MOEX.SBER:SMAL;60;20220830;120000;131.7500000;131.7500000;131.5100000;131.5100000;6
MOEX.SBER:SMAL;60;20220830;140000;131.7000000;131.7000000;131.7000000;131.7000000;7
MOEX.SBER:SMAL;60;20220830;150000;131.7100000;132.2600000;131.5200000;132.2600000;4
MOEX.SBER:SMAL;60;20220830;160000;131.5100000;131.5100000;131.0000000;131.0000000;6
MOEX.SBER:SMAL;60;20220830;170000;129.0100000;129.0100000;129.0100000;129.0100000;1
MOEX.SBER:SMAL;60;20220831;110000;126.5500000;137.0000000;126.5500000;136.5000000;24
MOEX.SBER:SMAL;60;20220831;120000;136.5000000;136.5000000;134.5000000;134.5000000;9
MOEX.SBER:SMAL;60;20220831;160000;132.1700000;132.1700000;132.1700000;132.1700000;2
MOEX.SBER:SMAL;60;20220831;170000;134.1000000;137.0600000;134.1000000;137.0600000;2
MOEX.SBER:SMAL;60;20220831;180000;137.0600000;137.0600000;137.0600000;137.0600000;4
MOEX.SBER:SMAL;60;20220901;120000;134.9200000;134.9200000;134.9200000;134.9200000;1
MOEX.SBER:SMAL;60;20220901;130000;132.1400000;133.1900000;132.1400000;132.1500000;6
MOEX.SBER:SMAL;60;20220901;140000;133.5000000;133.5000000;133.5000000;133.5000000;5
MOEX.SBER:SMAL;60;20220901;180000;133.4700000;136.1200000;133.4700000;136.1200000;17
MOEX.SBER:SMAL;60;20220901;190000;136.2000000;137.1900000;136.2000000;137.1900000;3
MOEX.SBER:SMAL;60;20220902;110000;132.0000000;138.0600000;132.0000000;138.0600000;9
MOEX.SBER:SMAL;60;20220902;120000;139.0000000;139.0000000;138.5000000;138.5000000;2
MOEX.SBER:SMAL;60;20220902;130000;138.0300000;139.4900000;138.0300000;139.4900000;6
MOEX.SBER:SMAL;60;20220902;140000;139.5000000;144.0000000;139.5000000;144.0000000;34
MOEX.SBER:SMAL;60;20220902;150000;142.0100000;142.0100000;142.0100000;142.0100000;5
MOEX.SBER:SMAL;60;20220902;160000;144.5000000;144.5000000;142.0000000;142.0000000;7
MOEX.SBER:SMAL;60;20220902;170000;141.9500000;142.5000000;141.5100000;142.5000000;12
MOEX.SBER:SMAL;60;20220902;180000;142.0100000;143.0000000;142.0100000;143.0000000;8
MOEX.SBER:SMAL;60;20220902;190000;143.5000000;143.7500000;143.5000000;143.7500000;4
MOEX.SBER:SMAL;60;20220905;110000;142.5000000;143.5000000;140.0000000;141.0000000;18
MOEX.SBER:SMAL;60;20220905;120000;140.5000000;141.0000000;139.5000000;139.5000000;6
MOEX.SBER:SMAL;60;20220905;130000;140.0000000;140.0000000;140.0000000;140.0000000;1
MOEX.SBER:SMAL;60;20220905;140000;139.5200000;139.5200000;139.5000000;139.5000000;2
MOEX.SBER:SMAL;60;20220905;150000;140.0000000;141.4100000;140.0000000;141.4100000;8
MOEX.SBER:SMAL;60;20220905;160000;141.5000000;141.5000000;141.5000000;141.5000000;1
MOEX.SBER:SMAL;60;20220905;170000;141.9000000;141.9000000;141.5000000;141.5000000;4
MOEX.SBER:SMAL;60;20220905;180000;142.0000000;142.0900000;142.0000000;142.0900000;2
MOEX.SBER:SMAL;60;20220905;190000;141.5100000;141.5100000;141.5000000;141.5000000;2
MOEX.SBER:SMAL;60;20220906;120000;143.7400000;143.7400000;138.2900000;138.2900000;4
MOEX.SBER:SMAL;60;20220906;140000;139.8900000;139.8900000;138.8700000;139.3100000;4
MOEX.SBER:SMAL;60;20220906;150000;139.5000000;139.5000000;137.5000000;137.5000000;19
MOEX.SBER:SMAL;60;20220906;170000;137.0000000;137.0000000;136.5000000;136.5000000;2
MOEX.SBER:SMAL;60;20220906;190000;137.0000000;137.0000000;122.8900000;132.3300000;104
MOEX.SBER:SMAL;60;20220907;110000;135.0300000;138.0000000;135.0100000;138.0000000;29
MOEX.SBER:SMAL;60;20220907;120000;137.9600000;138.0000000;137.0000000;137.0000000;20
MOEX.SBER:SMAL;60;20220907;140000;136.5200000;137.4900000;135.0000000;135.0000000;2362
MOEX.SBER:SMAL;60;20220907;150000;135.0500000;137.5000000;135.0500000;137.4700000;12
MOEX.SBER:SMAL;60;20220907;160000;137.1400000;138.0000000;136.1500000;138.0000000;15
MOEX.SBER:SMAL;60;20220907;170000;138.4500000;138.5000000;138.4500000;138.5000000;3
MOEX.SBER:SMAL;60;20220907;180000;137.5000000;137.5300000;137.0000000;137.5300000;5
MOEX.SBER:SMAL;60;20220907;190000;137.0100000;137.0100000;136.0000000;136.0000000;586
MOEX.SBER:SMAL;60;20220908;110000;133.6300000;133.6300000;133.3300000;133.3300000;5
MOEX.SBER:SMAL;60;20220908;130000;135.4400000;135.4400000;135.4400000;135.4400000;1
MOEX.SBER:SMAL;60;20220908;140000;135.9500000;136.3500000;135.9500000;136.3500000;3
MOEX.SBER:SMAL;60;20220908;150000;136.3500000;136.4800000;136.3500000;136.4800000;5
MOEX.SBER:SMAL;60;20220908;160000;136.0000000;136.9900000;134.5000000;135.0000000;20
MOEX.SBER:SMAL;60;20220908;190000;134.4100000;134.9400000;133.7800000;134.9400000;518
MOEX.SBER:SMAL;60;20220909;110000;135.6200000;137.9200000;134.5000000;134.5000000;11
MOEX.SBER:SMAL;60;20220909;120000;135.0000000;137.9200000;135.0000000;137.9200000;15
MOEX.SBER:SMAL;60;20220909;130000;136.0000000;136.5000000;136.0000000;136.5000000;2
MOEX.SBER:SMAL;60;20220909;140000;136.0000000;136.0000000;135.5000000;135.5000000;2
MOEX.SBER:SMAL;60;20220909;150000;135.0000000;135.0000000;132.8400000;135.0000000;20
MOEX.SBER:SMAL;60;20220909;160000;135.0000000;135.0000000;135.0000000;135.0000000;3
MOEX.SBER:SMAL;60;20220909;170000;134.5000000;136.4300000;133.7700000;136.4300000;14
MOEX.SBER:SMAL;60;20220909;180000;136.5000000;138.0000000;136.5000000;138.0000000;27
MOEX.SBER:SMAL;60;20220909;190000;137.0000000;137.5000000;136.0000000;137.5000000;437
MOEX.SBER:SMAL;60;20220912;110000;136.8500000;138.3900000;134.5000000;138.3900000;7
MOEX.SBER:SMAL;60;20220912;120000;139.0000000;139.0000000;139.0000000;139.0000000;2
MOEX.SBER:SMAL;60;20220912;140000;138.5000000;138.5000000;138.0100000;138.0100000;6
MOEX.SBER:SMAL;60;20220912;150000;138.0000000;138.5000000;137.5000000;138.5000000;4
MOEX.SBER:SMAL;60;20220912;160000;139.0000000;139.0000000;139.0000000;139.0000000;1
MOEX.SBER:SMAL;60;20220912;170000;138.5000000;138.5000000;138.5000000;138.5000000;1
MOEX.SBER:SMAL;60;20220912;180000;138.0000000;138.5000000;137.0800000;138.5000000;6
MOEX.SBER:SMAL;60;20220912;190000;138.5000000;139.0000000;137.5000000;137.5000000;78
MOEX.SBER:SMAL;60;20220912;200000;135.7800000;135.7800000;135.7800000;135.7800000;4
MOEX.SBER:SMAL;60;20220913;000000;137.4600000;137.4600000;137.4600000;137.4600000;1
MOEX.SBER:SMAL;60;20220913;110000;138.0000000;140.0000000;137.5100000;137.5100000;13
MOEX.SBER:SMAL;60;20220913;130000;137.5200000;138.5000000;137.5100000;138.5000000;5
MOEX.SBER:SMAL;60;20220913;140000;138.0000000;139.0000000;137.0300000;137.5100000;12
MOEX.SBER:SMAL;60;20220913;150000;138.5000000;138.5000000;138.0000000;138.0000000;6
MOEX.SBER:SMAL;60;20220913;160000;138.5000000;139.0000000;136.0000000;136.0000000;51
MOEX.SBER:SMAL;60;20220913;170000;136.0000000;137.0000000;135.5800000;137.0000000;11
MOEX.SBER:SMAL;60;20220913;180000;136.5000000;136.5000000;136.5000000;136.5000000;6
MOEX.SBER:SMAL;60;20220913;190000;136.0100000;137.4900000;136.0000000;137.4900000;1306
MOEX.SBER:SMAL;60;20220914;110000;134.9300000;134.9300000;134.9300000;134.9300000;2
MOEX.SBER:SMAL;60;20220914;120000;134.9600000;134.9600000;134.9300000;134.9300000;16
MOEX.SBER:SMAL;60;20220914;130000;134.6300000;134.6300000;134.6300000;134.6300000;8
MOEX.SBER:SMAL;60;20220914;160000;137.5000000;137.5000000;137.5000000;137.5000000;4
MOEX.SBER:SMAL;60;20220914;180000;137.0000000;138.0000000;137.0000000;138.0000000;421
MOEX.SBER:SMAL;60;20220914;190000;138.5000000;138.5000000;138.5000000;138.5000000;2
MOEX.SBER:SMAL;60;20220914;210000;139.3000000;139.3000000;139.3000000;139.3000000;1
MOEX.SBER:SMAL;60;20220914;230000;138.0100000;138.0100000;138.0100000;138.0100000;1
MOEX.SBER:SMAL;60;20220915;110000;139.9800000;139.9800000;139.9800000;139.9800000;1
MOEX.SBER:SMAL;60;20220915;120000;139.0000000;139.5000000;138.0000000;138.0000000;9
MOEX.SBER:SMAL;60;20220915;130000;138.5000000;138.5000000;138.5000000;138.5000000;1
MOEX.SBER:SMAL;60;20220915;150000;137.7800000;138.0000000;137.1200000;138.0000000;15
MOEX.SBER:SMAL;60;20220915;160000;138.0000000;139.9000000;137.5000000;139.9000000;18
MOEX.SBER:SMAL;60;20220915;170000;137.6400000;137.6400000;137.6400000;137.6400000;2
MOEX.SBER:SMAL;60;20220915;180000;139.0100000;139.0100000;138.0000000;138.0000000;367
MOEX.SBER:SMAL;60;20220915;190000;138.5000000;139.3000000;138.0200000;139.3000000;9
MOEX.SBER:SMAL;60;20220916;000000;139.3000000;139.3000000;138.3100000;138.3100000;2
MOEX.SBER:SMAL;60;20220916;110000;137.9800000;137.9800000;137.9800000;137.9800000;4
MOEX.SBER:SMAL;60;20220916;120000;138.9800000;138.9900000;138.0100000;138.0100000;12
MOEX.SBER:SMAL;60;20220916;130000;139.0000000;140.5500000;139.0000000;140.0100000;21
MOEX.SBER:SMAL;60;20220916;140000;140.0100000;140.5500000;140.0000000;140.0000000;6
MOEX.SBER:SMAL;60;20220916;150000;139.5000000;139.5000000;138.5000000;138.5000000;3
MOEX.SBER:SMAL;60;20220916;160000;138.0100000;138.4900000;137.5000000;138.4900000;11
MOEX.SBER:SMAL;60;20220916;180000;138.0000000;138.4900000;138.0000000;138.4900000;6
MOEX.SBER:SMAL;60;20220916;190000;137.5000000;138.0000000;137.0000000;137.0000000;430
MOEX.SBER:SMAL;60;20220916;210000;139.2300000;139.2300000;139.2300000;139.2300000;1
MOEX.SBER:SMAL;60;20220916;220000;139.1800000;139.1800000;139.1800000;139.1800000;1
MOEX.SBER:SMAL;60;20220916;230000;139.1700000;139.1700000;139.1700000;139.1700000;1
MOEX.SBER:SMAL;60;20220919;110000;137.5000000;138.5000000;137.5000000;138.5000000;3
MOEX.SBER:SMAL;60;20220919;120000;138.0000000;138.0000000;137.5100000;137.5100000;3
MOEX.SBER:SMAL;60;20220919;130000;137.5100000;137.5100000;137.5100000;137.5100000;11
MOEX.SBER:SMAL;60;20220919;140000;138.4900000;138.4900000;138.4900000;138.4900000;3
MOEX.SBER:SMAL;60;20220919;150000;138.4800000;138.4800000;138.4800000;138.4800000;1
MOEX.SBER:SMAL;60;20220919;170000;137.5000000;137.5000000;137.0000000;137.0000000;2
MOEX.SBER:SMAL;60;20220919;190000;137.0400000;137.5000000;137.0000000;137.4500000;325
MOEX.SBER:SMAL;60;20220919;200000;139.0000000;139.0000000;139.0000000;139.0000000;1
MOEX.SBER:SMAL;60;20220920;120000;134.5300000;136.9000000;134.5300000;134.5900000;6
MOEX.SBER:SMAL;60;20220920;130000;137.5900000;137.5900000;134.6100000;137.5000000;31
MOEX.SBER:SMAL;60;20220920;140000;134.9600000;134.9600000;133.4900000;133.4900000;18
MOEX.SBER:SMAL;60;20220920;150000;131.5700000;131.5700000;131.5600000;131.5600000;3
MOEX.SBER:SMAL;60;20220920;160000;130.0000000;136.0000000;127.7300000;136.0000000;18
MOEX.SBER:SMAL;60;20220920;170000;132.0000000;132.0000000;127.9000000;127.9000000;3
MOEX.SBER:SMAL;60;20220920;190000;126.5300000;126.5300000;126.0000000;126.0000000;246
MOEX.SBER:SMAL;60;20220920;210000;128.8300000;128.8300000;123.0000000;123.0000000;7
MOEX.SBER:SMAL;60;20220921;110000;118.0100000;123.2300000;117.4400000;120.0000000;24
MOEX.SBER:SMAL;60;20220921;120000;123.0000000;125.5000000;119.0700000;121.8000000;19
MOEX.SBER:SMAL;60;20220921;130000;120.0000000;120.0000000;120.0000000;120.0000000;1
MOEX.SBER:SMAL;60;20220921;140000;124.3500000;124.3500000;118.0100000;118.0100000;2
MOEX.SBER:SMAL;60;20220921;150000;118.0100000;118.0100000;118.0100000;118.0100000;5
MOEX.SBER:SMAL;60;20220921;160000;120.2500000;124.9800000;120.0000000;124.9800000;5
MOEX.SBER:SMAL;60;20220921;170000;120.5000000;120.5000000;118.1100000;118.1100000;7
MOEX.SBER:SMAL;60;20220921;190000;118.9900000;120.9000000;118.0000000;120.9000000;293
MOEX.SBER:SMAL;60;20220921;220000;123.9700000;123.9700000;123.9700000;123.9700000;4
MOEX.SBER:SMAL;60;20220922;130000;124.9900000;124.9900000;123.5000000;123.5000000;2
MOEX.SBER:SMAL;60;20220922;140000;123.0000000;123.0000000;123.0000000;123.0000000;1
MOEX.SBER:SMAL;60;20220922;150000;122.5000000;122.5000000;120.5000000;122.5000000;25
MOEX.SBER:SMAL;60;20220922;160000;122.5100000;124.5000000;122.5000000;123.5000000;21
MOEX.SBER:SMAL;60;20220922;170000;124.0000000;125.9900000;124.0000000;125.9900000;3
MOEX.SBER:SMAL;60;20220922;180000;125.5000000;125.5000000;124.0000000;124.0000000;270
MOEX.SBER:SMAL;60;20220922;190000;124.5000000;125.0000000;124.5000000;124.5000000;3
MOEX.SBER:SMAL;60;20220922;200000;124.5000000;124.5000000;124.5000000;124.5000000;1
MOEX.SBER:SMAL;60;20220922;230000;124.0200000;124.0200000;124.0200000;124.0200000;1
MOEX.SBER:SMAL;60;20220923;110000;123.1000000;123.1000000;122.2900000;122.2900000;10
MOEX.SBER:SMAL;60;20220923;120000;122.2900000;122.2900000;118.6800000;118.6800000;4
MOEX.SBER:SMAL;60;20220923;130000;118.6800000;123.0000000;118.6800000;120.0000000;14
MOEX.SBER:SMAL;60;20220923;140000;119.5000000;119.5000000;117.4600000;117.4600000;19
MOEX.SBER:SMAL;60;20220923;150000;117.5000000;119.0000000;117.0000000;119.0000000;6
MOEX.SBER:SMAL;60;20220923;160000;118.5100000;119.5000000;118.5000000;119.5000000;4
MOEX.SBER:SMAL;60;20220923;170000;119.0000000;119.0000000;118.5000000;118.5000000;2
MOEX.SBER:SMAL;60;20220923;180000;118.0000000;118.0000000;118.0000000;118.0000000;220
MOEX.SBER:SMAL;60;20220923;190000;119.0000000;119.5000000;119.0000000;119.0000000;5
MOEX.SBER:SMAL;60;20220923;220000;120.5900000;120.5900000;120.5900000;120.5900000;1
MOEX.SBER:SMAL;60;20220926;110000;119.0000000;119.0000000;116.0000000;116.0000000;2
MOEX.SBER:SMAL;60;20220926;120000;118.0000000;120.4700000;114.0200000;114.0200000;19
MOEX.SBER:SMAL;60;20220926;130000;113.1400000;113.1400000;108.8000000;108.8000000;21
MOEX.SBER:SMAL;60;20220926;140000;110.0100000;118.9800000;108.0400000;118.9800000;13
MOEX.SBER:SMAL;60;20220926;150000;108.0200000;118.9800000;108.0100000;118.9800000;11
MOEX.SBER:SMAL;60;20220926;160000;108.3200000;108.3200000;108.1300000;108.1400000;11
MOEX.SBER:SMAL;60;20220926;180000;115.0000000;115.0000000;115.0000000;115.0000000;1
MOEX.SBER:SMAL;60;20220926;190000;111.0000000;111.0000000;108.3300000;108.3300000;7
MOEX.SBER:SMAL;60;20220926;230000;108.9000000;108.9000000;108.0000000;108.0000000;16
MOEX.SBER:SMAL;60;20220927;110000;119.9700000;119.9700000;108.0200000;108.0200000;17
MOEX.SBER:SMAL;60;20220927;120000;108.9900000;108.9900000;108.0200000;108.0200000;3
MOEX.SBER:SMAL;60;20220927;130000;109.0000000;109.0000000;108.0100000;109.0000000;20
MOEX.SBER:SMAL;60;20220927;150000;109.0000000;109.0000000;108.5000000;108.5000000;10
MOEX.SBER:SMAL;60;20220927;160000;108.5000000;108.5000000;106.0000000;106.0000000;13
MOEX.SBER:SMAL;60;20220927;170000;108.9900000;109.5000000;108.9900000;109.5000000;3
MOEX.SBER:SMAL;60;20220927;180000;109.0000000;109.0000000;109.0000000;109.0000000;232
MOEX.SBER:SMAL;60;20220927;200000;124.0000000;124.0000000;124.0000000;124.0000000;9
MOEX.SBER:SMAL;60;20220927;210000;108.0700000;119.9500000;108.0700000;119.9500000;9
MOEX.SBER:SMAL;60;20220928;110000;115.0000000;115.0000000;114.3000000;114.3000000;3
MOEX.SBER:SMAL;60;20220928;120000;114.3000000;114.3000000;113.5000000;113.5000000;5
MOEX.SBER:SMAL;60;20220928;130000;113.0000000;113.0000000;111.0200000;111.0200000;13
MOEX.SBER:SMAL;60;20220928;140000;111.0200000;111.0200000;109.0500000;109.0500000;14
MOEX.SBER:SMAL;60;20220928;160000;109.4600000;109.4600000;107.3400000;107.3400000;8
MOEX.SBER:SMAL;60;20220928;170000;111.0000000;111.0000000;107.3400000;107.3400000;11
MOEX.SBER:SMAL;60;20220928;180000;108.0100000;110.0000000;108.0100000;110.0000000;10
MOEX.SBER:SMAL;60;20220928;190000;110.0000000;110.0000000;110.0000000;110.0000000;138
MOEX.SBER:SMAL;60;20220928;210000;121.9700000;121.9700000;121.9600000;121.9700000;4
MOEX.SBER:SMAL;60;20220929;120000;111.0000000;111.0000000;110.5000000;110.5000000;2
MOEX.SBER:SMAL;60;20220929;130000;110.0000000;110.0000000;108.5100000;108.5200000;19
MOEX.SBER:SMAL;60;20220929;140000;108.4500000;109.5000000;108.4400000;109.5000000;9
MOEX.SBER:SMAL;60;20220929;150000;109.5000000;109.5000000;109.5000000;109.5000000;2
MOEX.SBER:SMAL;60;20220929;160000;110.0000000;111.0000000;110.0000000;111.0000000;3
MOEX.SBER:SMAL;60;20220929;180000;109.5000000;111.9900000;107.0000000;107.0000000;149
MOEX.SBER:SMAL;60;20220929;230000;109.8400000;109.8400000;109.8400000;109.8400000;8
MOEX.SBER:SMAL;60;20220930;110000;112.0000000;112.0000000;99.7800000;99.7800000;7
MOEX.SBER:SMAL;60;20220930;120000;112.5000000;112.5000000;112.5000000;112.5000000;1
MOEX.SBER:SMAL;60;20220930;130000;108.9900000;112.9900000;108.1800000;112.9900000;7
MOEX.SBER:SMAL;60;20220930;140000;112.9900000;113.0000000;106.9900000;106.9900000;8
MOEX.SBER:SMAL;60;20220930;170000;108.2400000;108.2400000;108.0600000;108.0600000;12
MOEX.SBER:SMAL;60;20220930;180000;108.0600000;108.0600000;108.0500000;108.0500000;9
MOEX.SBER:SMAL;60;20220930;190000;108.0100000;108.0100000;107.0000000;107.0000000;174
MOEX.SBER:SMAL;60;20220930;220000;110.0000000;110.0000000;110.0000000;110.0000000;7
MOEX.SBER:SMAL;60;20221003;110000;107.0600000;107.0600000;107.0600000;107.0600000;9
MOEX.SBER:SMAL;60;20221003;120000;111.0000000;111.0000000;111.0000000;111.0000000;1
MOEX.SBER:SMAL;60;20221003;130000;110.5000000;110.5000000;110.5000000;110.5000000;3
MOEX.SBER:SMAL;60;20221003;140000;111.4300000;112.0000000;111.4300000;112.0000000;3
MOEX.SBER:SMAL;60;20221003;150000;112.4900000;112.5000000;112.4900000;112.5000000;10
MOEX.SBER:SMAL;60;20221003;160000;112.0000000;112.0000000;111.0000000;111.0000000;3
MOEX.SBER:SMAL;60;20221003;170000;111.5000000;112.0000000;111.5000000;112.0000000;2
MOEX.SBER:SMAL;60;20221003;180000;112.4900000;114.0000000;112.4900000;114.0000000;10
MOEX.SBER:SMAL;60;20221003;190000;113.0000000;113.0000000;113.0000000;113.0000000;178
MOEX.SBER:SMAL;60;20221003;200000;112.0100000;114.0000000;112.0100000;114.0000000;7
MOEX.SBER:SMAL;60;20221003;230000;114.5000000;114.5000000;114.5000000;114.5000000;2
MOEX.SBER:SMAL;60;20221004;110000;114.5000000;114.8000000;113.5000000;113.5000000;14
MOEX.SBER:SMAL;60;20221004;120000;113.0000000;113.0000000;112.5000000;112.5000000;2
MOEX.SBER:SMAL;60;20221004;130000;112.0000000;112.0000000;111.5000000;111.5000000;14
MOEX.SBER:SMAL;60;20221004;140000;112.0000000;112.5000000;111.0000000;111.0000000;5
MOEX.SBER:SMAL;60;20221004;150000;111.5000000;111.5000000;111.0000000;111.0000000;3
MOEX.SBER:SMAL;60;20221004;160000;111.0000000;111.5000000;111.0000000;111.5000000;4
MOEX.SBER:SMAL;60;20221004;190000;110.5100000;110.5100000;109.3600000;110.5000000;180
MOEX.SBER:SMAL;60;20221005;110000;110.5000000;110.5000000;107.5700000;107.5700000;7
MOEX.SBER:SMAL;60;20221005;120000;107.5800000;107.5800000;106.9900000;106.9900000;22
MOEX.SBER:SMAL;60;20221005;130000;106.0800000;106.0800000;106.0800000;106.0800000;1
MOEX.SBER:SMAL;60;20221005;140000;107.5000000;108.0000000;107.5000000;108.0000000;2
MOEX.SBER:SMAL;60;20221005;150000;108.0000000;108.0000000;106.3900000;106.3900000;8
MOEX.SBER:SMAL;60;20221005;160000;106.3900000;106.3900000;106.3700000;106.3700000;17
MOEX.SBER:SMAL;60;20221005;180000;108.3500000;108.5000000;107.3600000;107.3600000;124
MOEX.SBER:SMAL;60;20221005;210000;109.5000000;109.5000000;109.5000000;109.5000000;1
MOEX.SBER:SMAL;60;20221006;110000;109.0000000;109.0000000;109.0000000;109.0000000;1
MOEX.SBER:SMAL;60;20221006;120000;108.5000000;108.5000000;107.5000000;107.5000000;3
MOEX.SBER:SMAL;60;20221006;130000;108.0000000;109.0000000;108.0000000;109.0000000;5
MOEX.SBER:SMAL;60;20221006;140000;109.0000000;109.0000000;108.0000000;108.0000000;3
MOEX.SBER:SMAL;60;20221006;150000;109.5000000;109.5000000;109.5000000;109.5000000;1
MOEX.SBER:SMAL;60;20221006;160000;107.6000000;107.6000000;107.3300000;107.3300000;4
MOEX.SBER:SMAL;60;20221006;180000;108.0000000;108.1000000;107.5600000;107.5600000;76
MOEX.SBER:SMAL;60;20221007;000000;108.0000000;108.0000000;108.0000000;108.0000000;1
MOEX.SBER:SMAL;60;20221007;120000;109.9500000;109.9500000;108.0000000;108.0000000;9
MOEX.SBER:SMAL;60;20221007;130000;108.5000000;108.5000000;108.0000000;108.0000000;2
MOEX.SBER:SMAL;60;20221007;140000;107.5000000;107.5000000;107.5000000;107.5000000;1
MOEX.SBER:SMAL;60;20221007;150000;108.0000000;108.0000000;108.0000000;108.0000000;1
MOEX.SBER:SMAL;60;20221007;160000;108.5000000;108.5000000;107.5000000;107.5000000;3
MOEX.SBER:SMAL;60;20221007;170000;107.0000000;107.0000000;105.0100000;105.0100000;40
MOEX.SBER:SMAL;60;20221007;190000;105.0000000;105.0000000;103.0000000;103.5000000;95
MOEX.SBER:SMAL;60;20221007;200000;102.7300000;102.7300000;102.7000000;102.7000000;17
MOEX.SBER:SMAL;60;20221007;210000;102.7000000;102.7000000;102.7000000;102.7000000;2
MOEX.SBER:SMAL;60;20221008;000000;102.9900000;104.9900000;102.9900000;104.9900000;2
MOEX.SBER:SMAL;60;20221010;110000;98.5200000;103.2800000;98.5100000;103.2700000;21
MOEX.SBER:SMAL;60;20221010;120000;103.2700000;103.2800000;102.0000000;102.0000000;9
MOEX.SBER:SMAL;60;20221010;130000;104.2800000;104.2800000;99.5000000;99.5000000;9
MOEX.SBER:SMAL;60;20221010;150000;104.2500000;104.2700000;101.0100000;104.2700000;6
MOEX.SBER:SMAL;60;20221010;160000;101.0400000;104.2500000;101.0000000;104.2500000;3
MOEX.SBER:SMAL;60;20221010;170000;104.2700000;105.0000000;104.2700000;105.0000000;5
MOEX.SBER:SMAL;60;20221010;190000;104.0600000;104.0600000;104.0000000;104.0000000;143
MOEX.SBER:SMAL;60;20221010;210000;105.9900000;105.9900000;105.9900000;105.9900000;2
MOEX.SBER:SMAL;60;20221010;230000;106.5000000;106.5000000;106.5000000;106.5000000;1
MOEX.SBER:SMAL;60;20221011;110000;104.0000000;107.5000000;104.0000000;105.0000000;9
MOEX.SBER:SMAL;60;20221011;120000;105.0000000;105.0000000;105.0000000;105.0000000;4
MOEX.SBER:SMAL;60;20221011;130000;106.3900000;106.3900000;106.3900000;106.3900000;4
MOEX.SBER:SMAL;60;20221011;140000;108.0000000;108.0000000;108.0000000;108.0000000;1
MOEX.SBER:SMAL;60;20221011;160000;105.7000000;108.5100000;105.1300000;108.5100000;11
MOEX.SBER:SMAL;60;20221011;190000;106.0900000;106.0900000;106.0000000;106.0000000;76
MOEX.SBER:SMAL;60;20221011;210000;107.5000000;107.5000000;107.5000000;107.5000000;5
MOEX.SBER:SMAL;60;20221011;220000;108.0000000;108.0000000;108.0000000;108.0000000;1
MOEX.SBER:SMAL;60;20221012;000000;106.3300000;106.3300000;105.1000000;105.1000000;7
MOEX.SBER:SMAL;60;20221012;110000;107.0000000;107.0000000;107.0000000;107.0000000;9
MOEX.SBER:SMAL;60;20221012;150000;107.9100000;107.9100000;107.9100000;107.9100000;1
MOEX.SBER:SMAL;60;20221012;180000;105.7400000;105.7400000;105.1200000;105.1200000;8
MOEX.SBER:SMAL;60;20221012;190000;105.6000000;105.6000000;105.0000000;105.0000000;79
MOEX.SBER:SMAL;60;20221013;110000;104.0100000;104.6500000;103.5100000;104.6500000;8
MOEX.SBER:SMAL;60;20221013;160000;106.3500000;106.3500000;106.3200000;106.3200000;7
MOEX.SBER:SMAL;60;20221013;170000;105.6000000;105.6000000;105.0000000;105.0000000;8
MOEX.SBER:SMAL;60;20221013;180000;105.4000000;105.4000000;105.0000000;105.0000000;80
MOEX.SBER:SMAL;60;20221013;190000;106.4900000;106.4900000;106.4900000;106.4900000;1
MOEX.SBER:SMAL;60;20221014;110000;117.7700000;117.7700000;117.7700000;117.7700000;3
MOEX.SBER:SMAL;60;20221014;130000;108.2500000;108.2500000;108.2500000;108.2500000;1
MOEX.SBER:SMAL;60;20221014;140000;105.1100000;105.1100000;104.3300000;104.3300000;9
MOEX.SBER:SMAL;60;20221014;170000;108.0000000;108.2300000;108.0000000;108.2300000;10
MOEX.SBER:SMAL;60;20221014;190000;106.3000000;106.3000000;106.0000000;106.0000000;60
MOEX.SBER:SMAL;60;20221014;210000;106.2200000;106.2200000;106.2200000;106.2200000;3
MOEX.SBER:SMAL;60;20221015;000000;108.3200000;108.3200000;108.2800000;108.2800000;2
MOEX.SBER:SMAL;60;20221017;110000;108.9400000;108.9400000;108.9400000;108.9400000;2
MOEX.SBER:SMAL;60;20221017;120000;108.5000000;108.9100000;108.3100000;108.3100000;6
MOEX.SBER:SMAL;60;20221017;130000;109.7700000;110.3800000;109.7700000;110.3700000;11
MOEX.SBER:SMAL;60;20221017;140000;110.3700000;110.9900000;110.3700000;110.9900000;7
MOEX.SBER:SMAL;60;20221017;150000;111.0000000;111.0000000;111.0000000;111.0000000;1
MOEX.SBER:SMAL;60;20221017;160000;109.0100000;109.0100000;109.0100000;109.0100000;8
MOEX.SBER:SMAL;60;20221017;190000;111.9700000;111.9800000;111.0000000;111.0000000;118
MOEX.SBER:SMAL;60;20221017;200000;109.6300000;109.6300000;109.6300000;109.6300000;3
MOEX.SBER:SMAL;60;20221018;110000;112.1500000;112.1500000;112.1500000;112.1500000;1
MOEX.SBER:SMAL;60;20221018;120000;111.0000000;111.0000000;111.0000000;111.0000000;2
MOEX.SBER:SMAL;60;20221018;130000;111.0800000;113.5100000;111.0800000;113.5100000;21
MOEX.SBER:SMAL;60;20221018;140000;113.7700000;113.7800000;113.7700000;113.7800000;2
MOEX.SBER:SMAL;60;20221018;150000;114.4900000;114.4900000;114.4900000;114.4900000;1
MOEX.SBER:SMAL;60;20221018;160000;114.4700000;114.4700000;112.0900000;112.0900000;13
MOEX.SBER:SMAL;60;20221018;170000;112.1700000;114.4700000;112.1700000;114.4700000;7
MOEX.SBER:SMAL;60;20221018;180000;113.5700000;113.5700000;113.0000000;113.0000000;182
MOEX.SBER:SMAL;60;20221018;220000;112.0900000;112.0900000;112.0900000;112.0900000;12
MOEX.SBER:SMAL;60;20221019;120000;114.9900000;114.9900000;107.0100000;107.0100000;4
MOEX.SBER:SMAL;60;20221019;130000;108.4700000;108.4700000;108.4700000;108.4700000;8
MOEX.SBER:SMAL;60;20221019;190000;110.0000000;110.0000000;110.0000000;110.0000000;112
MOEX.SBER:SMAL;60;20221020;110000;111.0000000;111.0000000;111.0000000;111.0000000;1
MOEX.SBER:SMAL;60;20221020;120000;114.9800000;114.9800000;114.9800000;114.9800000;1
MOEX.SBER:SMAL;60;20221020;130000;113.9400000;113.9400000;113.9400000;113.9400000;5
MOEX.SBER:SMAL;60;20221020;140000;114.0100000;114.0100000;114.0100000;114.0100000;6
MOEX.SBER:SMAL;60;20221020;150000;115.5200000;116.0000000;115.5200000;116.0000000;3
MOEX.SBER:SMAL;60;20221020;160000;115.5600000;115.5600000;115.5600000;115.5600000;8
MOEX.SBER:SMAL;60;20221020;170000;115.6100000;115.6100000;115.0300000;115.0300000;12
MOEX.SBER:SMAL;60;20221020;180000;115.1000000;115.1000000;115.1000000;115.1000000;8
MOEX.SBER:SMAL;60;20221020;190000;115.1200000;115.1200000;115.0000000;115.0000000;157
MOEX.SBER:SMAL;60;20221021;110000;114.0900000;114.0900000;114.0900000;114.0900000;1
MOEX.SBER:SMAL;60;20221021;120000;114.0900000;114.0900000;114.0900000;114.0900000;1
MOEX.SBER:SMAL;60;20221021;150000;115.3500000;115.3500000;115.3500000;115.3500000;8
MOEX.SBER:SMAL;60;20221021;170000;116.7900000;116.7900000;116.7900000;116.7900000;1
MOEX.SBER:SMAL;60;20221021;180000;118.4600000;118.9700000;118.4600000;118.9700000;2
MOEX.SBER:SMAL;60;20221021;190000;117.1300000;117.1300000;117.0000000;117.0000000;158
MOEX.SBER:SMAL;60;20221021;200000;114.1200000;118.6500000;114.1200000;118.6500000;12
MOEX.SBER:SMAL;60;20221024;110000;120.2700000;120.2700000;120.2700000;120.2700000;1
MOEX.SBER:SMAL;60;20221024;120000;118.3900000;118.3900000;118.3900000;118.3900000;1
MOEX.SBER:SMAL;60;20221024;130000;118.3800000;118.3800000;118.0300000;118.0600000;5
MOEX.SBER:SMAL;60;20221024;140000;120.0000000;120.0000000;120.0000000;120.0000000;1
MOEX.SBER:SMAL;60;20221024;150000;120.4800000;120.4800000;117.4100000;117.4100000;10
MOEX.SBER:SMAL;60;20221024;160000;118.4800000;118.7800000;118.4800000;118.7800000;2
MOEX.SBER:SMAL;60;20221024;180000;119.2000000;119.2000000;119.2000000;119.2000000;2
MOEX.SBER:SMAL;60;20221024;190000;118.7800000;118.7800000;117.0000000;117.0000000;306
MOEX.SBER:SMAL;60;20221024;200000;118.9900000;118.9900000;118.9900000;118.9900000;4
MOEX.SBER:SMAL;60;20221025;000000;118.7200000;119.0000000;118.7200000;119.0000000;2
MOEX.SBER:SMAL;60;20221025;120000;116.5800000;123.7800000;116.4000000;123.7800000;24
MOEX.SBER:SMAL;60;20221025;130000;123.7600000;123.7600000;123.7600000;123.7600000;2
MOEX.SBER:SMAL;60;20221025;140000;122.0000000;122.0000000;118.7800000;118.7800000;5
MOEX.SBER:SMAL;60;20221025;150000;119.7000000;119.7100000;119.6500000;119.7100000;7
MOEX.SBER:SMAL;60;20221025;170000;122.5000000;123.7800000;122.0000000;123.7800000;131
MOEX.SBER:SMAL;60;20221025;180000;123.8000000;124.4000000;120.8100000;124.3400000;16
MOEX.SBER:SMAL;60;20221026;000000;124.0500000;124.0500000;124.0500000;124.0500000;1
MOEX.SBER:SMAL;60;20221026;110000;123.7900000;123.7900000;123.7900000;123.7900000;9
MOEX.SBER:SMAL;60;20221026;120000;124.0200000;125.7700000;123.0900000;125.7700000;28
MOEX.SBER:SMAL;60;20221026;160000;124.1100000;125.7700000;124.1100000;125.7700000;5
MOEX.SBER:SMAL;60;20221026;170000;123.8000000;123.8000000;123.8000000;123.8000000;4
MOEX.SBER:SMAL;60;20221026;180000;124.0000000;124.0000000;122.1000000;122.1000000;6
MOEX.SBER:SMAL;60;20221026;190000;123.0100000;124.2700000;123.0100000;124.2700000;17
MOEX.SBER:SMAL;60;20221026;200000;127.0000000;127.0000000;127.0000000;127.0000000;1
MOEX.SBER:SMAL;60;20221026;210000;126.7000000;126.7000000;126.7000000;126.7000000;1
MOEX.SBER:SMAL;60;20221027;110000;125.0000000;127.9600000;123.0000000;127.9600000;241
MOEX.SBER:SMAL;60;20221027;120000;127.2500000;139.0500000;123.7900000;124.5700000;283
MOEX.SBER:SMAL;60;20221027;130000;125.0800000;125.0800000;124.7100000;125.0800000;10
MOEX.SBER:SMAL;60;20221027;140000;126.9800000;127.0000000;126.9800000;127.0000000;2
MOEX.SBER:SMAL;60;20221027;150000;127.1500000;127.1500000;127.1500000;127.1500000;2
MOEX.SBER:SMAL;60;20221027;160000;125.2500000;125.5000000;125.0800000;125.5000000;6
MOEX.SBER:SMAL;60;20221027;170000;125.0500000;125.0600000;125.0400000;125.0400000;10
MOEX.SBER:SMAL;60;20221027;180000;126.5800000;127.4800000;125.0000000;125.0000000;214
MOEX.SBER:SMAL;60;20221028;140000;126.0000000;126.0000000;126.0000000;126.0000000;6
MOEX.SBER:SMAL;60;20221028;150000;127.8800000;127.8900000;127.8800000;127.8900000;6
MOEX.SBER:SMAL;60;20221028;160000;127.8900000;127.8900000;127.8900000;127.8900000;1
MOEX.SBER:SMAL;60;20221028;170000;125.8100000;125.8100000;125.2200000;125.2200000;4
MOEX.SBER:SMAL;60;20221028;180000;125.2000000;125.2000000;125.0700000;125.0700000;14
MOEX.SBER:SMAL;60;20221028;190000;125.0800000;125.0800000;125.0000000;125.0000000;171
MOEX.SBER:SMAL;60;20221028;200000;124.5100000;127.4700000;123.7900000;127.4700000;35
MOEX.SBER:SMAL;60;20221031;110000;127.9500000;128.5900000;127.9500000;128.5900000;9
MOEX.SBER:SMAL;60;20221031;120000;128.5900000;128.5900000;128.5900000;128.5900000;1
MOEX.SBER:SMAL;60;20221031;140000;128.2500000;128.2500000;128.2500000;128.2500000;2
MOEX.SBER:SMAL;60;20221031;150000;125.7800000;125.7800000;125.1100000;125.1100000;8
MOEX.SBER:SMAL;60;20221031;160000;125.1300000;125.1300000;125.1200000;125.1200000;4
MOEX.SBER:SMAL;60;20221031;170000;127.0000000;127.7800000;127.0000000;127.7800000;9
MOEX.SBER:SMAL;60;20221031;190000;125.1500000;125.1500000;125.0000000;125.0000000;224
MOEX.SBER:SMAL;60;20221101;000000;127.4400000;127.4400000;127.4400000;127.4400000;1
MOEX.SBER:SMAL;60;20221101;110000;127.9700000;127.9700000;127.9700000;127.9700000;1
MOEX.SBER:SMAL;60;20221101;120000;127.9700000;127.9700000;126.2100000;127.9700000;13
MOEX.SBER:SMAL;60;20221101;130000;127.9700000;128.9600000;127.9700000;128.9600000;11
MOEX.SBER:SMAL;60;20221101;160000;126.0900000;126.0900000;126.0900000;126.0900000;5
MOEX.SBER:SMAL;60;20221101;190000;126.0900000;126.0900000;126.0000000;126.0000000;145
MOEX.SBER:SMAL;60;20221102;120000;125.7900000;125.7900000;125.7900000;125.7900000;4
MOEX.SBER:SMAL;60;20221102;130000;127.9700000;127.9700000;127.9700000;127.9700000;1
MOEX.SBER:SMAL;60;20221102;140000;126.7500000;126.9800000;126.7500000;126.9800000;9
MOEX.SBER:SMAL;60;20221102;160000;127.1200000;128.0000000;127.1200000;127.1200000;7
MOEX.SBER:SMAL;60;20221102;180000;126.0600000;126.3500000;125.8800000;125.8800000;173
MOEX.SBER:SMAL;60;20221103;000000;124.3500000;124.3500000;124.3300000;124.3300000;10
MOEX.SBER:SMAL;60;20221103;110000;124.3300000;127.8500000;122.8100000;127.8500000;15
MOEX.SBER:SMAL;60;20221103;120000;126.2600000;126.2600000;126.2600000;126.2600000;1
MOEX.SBER:SMAL;60;20221103;130000;124.7900000;126.2600000;124.7900000;126.2600000;4
MOEX.SBER:SMAL;60;20221103;140000;125.2400000;125.2400000;125.2400000;125.2400000;9
MOEX.SBER:SMAL;60;20221103;180000;124.0100000;125.7800000;124.0000000;125.7800000;110
MOEX.SBER:SMAL;60;20221103;200000;126.9400000;126.9400000;126.9400000;126.9400000;1
MOEX.SBER:SMAL;60;20221104;000000;126.9400000;126.9400000;126.9400000;126.9400000;1
MOEX.SBER:SMAL;60;20221107;110000;124.7800000;124.7800000;124.7800000;124.7800000;1
MOEX.SBER:SMAL;60;20221107;130000;127.7700000;128.0800000;127.7700000;128.0800000;9
MOEX.SBER:SMAL;60;20221107;150000;128.0200000;128.0200000;128.0200000;128.0200000;1
MOEX.SBER:SMAL;60;20221107;160000;129.2000000;129.2000000;129.2000000;129.2000000;1
MOEX.SBER:SMAL;60;20221107;170000;129.7900000;129.7900000;129.0000000;129.0500000;23
MOEX.SBER:SMAL;60;20221107;180000;129.9500000;130.5000000;129.0000000;130.5000000;6
MOEX.SBER:SMAL;60;20221107;190000;130.9800000;132.9700000;130.0000000;130.5000000;306
MOEX.SBER:SMAL;60;20221107;210000;132.0000000;132.0000000;132.0000000;132.0000000;9
MOEX.SBER:SMAL;60;20221108;110000;129.0900000;131.5000000;129.0900000;130.0000000;9
MOEX.SBER:SMAL;60;20221108;130000;131.0000000;132.9800000;131.0000000;132.9800000;6
MOEX.SBER:SMAL;60;20221108;160000;130.3000000;130.3000000;129.5100000;129.5100000;8
MOEX.SBER:SMAL;60;20221108;170000;130.1500000;130.1500000;130.1500000;130.1500000;3
MOEX.SBER:SMAL;60;20221108;190000;130.0900000;130.0900000;130.0000000;130.0000000;218
MOEX.SBER:SMAL;60;20221109;000000;132.9200000;132.9200000;132.9200000;132.9200000;1
MOEX.SBER:SMAL;60;20221109;120000;131.0000000;131.0000000;128.7000000;128.7000000;3
MOEX.SBER:SMAL;60;20221109;130000;131.9100000;131.9100000;129.5000000;129.5000000;2
MOEX.SBER:SMAL;60;20221109;140000;129.0000000;129.0000000;128.7000000;128.7000000;8
MOEX.SBER:SMAL;60;20221109;150000;128.9000000;128.9000000;128.7000000;128.7000000;8
MOEX.SBER:SMAL;60;20221109;180000;129.0300000;129.0300000;128.7000000;128.7000000;8
MOEX.SBER:SMAL;60;20221109;190000;129.0500000;129.0500000;128.0100000;128.0100000;122
MOEX.SBER:SMAL;60;20221110;000000;128.2800000;128.2800000;128.2800000;128.2800000;1
MOEX.SBER:SMAL;60;20221110;110000;129.0000000;130.9800000;129.0000000;130.9800000;4
MOEX.SBER:SMAL;60;20221110;120000;130.0000000;134.4900000;129.0000000;134.4900000;64
MOEX.SBER:SMAL;60;20221110;130000;132.5100000;134.0000000;132.5100000;134.0000000;2
MOEX.SBER:SMAL;60;20221110;140000;134.3500000;134.3500000;134.3500000;134.3500000;4
MOEX.SBER:SMAL;60;20221110;150000;135.2600000;135.2600000;135.2600000;135.2600000;4
MOEX.SBER:SMAL;60;20221110;160000;134.9900000;134.9900000;134.9900000;134.9900000;7
MOEX.SBER:SMAL;60;20221110;170000;135.2000000;135.2000000;135.2000000;135.2000000;1
MOEX.SBER:SMAL;60;20221110;180000;135.6000000;135.6000000;135.0600000;135.0600000;9
MOEX.SBER:SMAL;60;20221110;190000;135.1000000;136.4100000;134.0000000;136.4100000;172
MOEX.SBER:SMAL;60;20221110;200000;132.3100000;132.3100000;132.3100000;132.3100000;9
MOEX.SBER:SMAL;60;20221111;110000;137.9800000;137.9800000;136.0000000;136.0000000;17
MOEX.SBER:SMAL;60;20221111;120000;135.5100000;135.5100000;135.5100000;135.5100000;5
MOEX.SBER:SMAL;60;20221111;130000;135.7000000;135.7000000;135.7000000;135.7000000;1
MOEX.SBER:SMAL;60;20221111;140000;136.4900000;137.0000000;136.4900000;137.0000000;8
MOEX.SBER:SMAL;60;20221111;150000;136.5000000;137.0000000;136.0200000;137.0000000;7
MOEX.SBER:SMAL;60;20221111;160000;136.5100000;137.9400000;136.5100000;137.9400000;2
MOEX.SBER:SMAL;60;20221111;170000;136.5000000;136.5000000;136.5000000;136.5000000;1
MOEX.SBER:SMAL;60;20221111;180000;136.9000000;136.9000000;136.9000000;136.9000000;1
MOEX.SBER:SMAL;60;20221111;190000;136.0200000;136.5000000;135.0000000;136.5000000;310
MOEX.SBER:SMAL;60;20221111;200000;135.0400000;135.0400000;135.0400000;135.0400000;1
MOEX.SBER:SMAL;60;20221112;000000;137.9000000;137.9000000;137.9000000;137.9000000;1
MOEX.SBER:SMAL;60;20221114;120000;137.5000000;138.0000000;137.5000000;138.0000000;2
MOEX.SBER:SMAL;60;20221114;130000;137.7800000;139.6000000;137.7800000;139.6000000;12
MOEX.SBER:SMAL;60;20221114;150000;137.7800000;137.7800000;136.7900000;136.7900000;4
MOEX.SBER:SMAL;60;20221114;170000;137.5000000;140.0000000;137.5000000;140.0000000;12
MOEX.SBER:SMAL;60;20221114;180000;140.6000000;140.6000000;138.0300000;140.0000000;3
MOEX.SBER:SMAL;60;20221114;190000;139.5000000;139.5000000;139.0000000;139.0000000;276
MOEX.SBER:SMAL;60;20221114;200000;139.0000000;139.0000000;139.0000000;139.0000000;8
MOEX.SBER:SMAL;60;20221115;110000;139.5000000;140.0000000;139.0000000;140.0000000;4
MOEX.SBER:SMAL;60;20221115;120000;138.5100000;139.0000000;138.5000000;139.0000000;13
MOEX.SBER:SMAL;60;20221115;130000;138.5000000;141.2800000;137.5100000;141.2800000;14
MOEX.SBER:SMAL;60;20221115;140000;141.2500000;141.2500000;139.0000000;139.0000000;5
MOEX.SBER:SMAL;60;20221115;150000;138.5000000;138.5000000;137.5000000;137.5000000;4
MOEX.SBER:SMAL;60;20221115;200000;140.0000000;141.2800000;140.0000000;141.2800000;41
MOEX.SBER:SMAL;60;20221115;220000;137.1400000;137.1400000;135.7800000;135.7800000;33
MOEX.SBER:SMAL;60;20221115;230000;135.9000000;135.9000000;135.9000000;135.9000000;1
MOEX.SBER:SMAL;60;20221116;110000;137.5000000;137.5000000;137.0000000;137.0000000;2
MOEX.SBER:SMAL;60;20221116;120000;137.5000000;137.5000000;134.5100000;136.5000000;13
MOEX.SBER:SMAL;60;20221116;130000;137.0000000;138.5000000;137.0000000;138.5000000;6
MOEX.SBER:SMAL;60;20221116;150000;138.0000000;138.0000000;137.5000000;137.5000000;3
MOEX.SBER:SMAL;60;20221116;160000;138.9900000;139.4500000;138.9900000;139.4500000;5
MOEX.SBER:SMAL;60;20221116;170000;139.7800000;139.7800000;139.7800000;139.7800000;1
MOEX.SBER:SMAL;60;20221116;190000;137.1000000;138.5000000;137.0000000;137.0800000;406
MOEX.SBER:SMAL;60;20221116;200000;137.0300000;137.0300000;137.0300000;137.0300000;4
MOEX.SBER:SMAL;60;20221117;110000;139.7000000;140.9200000;138.0100000;140.9200000;21
MOEX.SBER:SMAL;60;20221117;120000;138.7000000;138.7000000;138.5000000;138.5000000;4
MOEX.SBER:SMAL;60;20221117;130000;138.0600000;138.0600000;138.0300000;138.0300000;14
MOEX.SBER:SMAL;60;20221117;140000;138.0300000;140.0000000;137.5200000;137.5200000;20
MOEX.SBER:SMAL;60;20221117;150000;138.5000000;138.5000000;138.5000000;138.5000000;1
MOEX.SBER:SMAL;60;20221117;160000;137.5100000;137.5100000;137.0900000;137.0900000;10
MOEX.SBER:SMAL;60;20221117;190000;137.0900000;137.0900000;136.0000000;136.5000000;140
MOEX.SBER:SMAL;60;20221117;230000;137.7900000;137.7900000;137.7900000;137.7900000;1
MOEX.SBER:SMAL;60;20221118;120000;137.9800000;137.9800000;135.7800000;135.7800000;2
MOEX.SBER:SMAL;60;20221118;130000;137.0000000;137.5000000;137.0000000;137.0000000;4
MOEX.SBER:SMAL;60;20221118;140000;136.5000000;136.5000000;135.0200000;136.0000000;5
MOEX.SBER:SMAL;60;20221118;150000;135.1500000;136.9800000;135.1500000;136.9800000;11
MOEX.SBER:SMAL;60;20221118;160000;136.9800000;136.9800000;136.9800000;136.9800000;8
MOEX.SBER:SMAL;60;20221118;170000;136.9900000;136.9900000;136.1500000;136.1500000;5
MOEX.SBER:SMAL;60;20221118;210000;137.9300000;137.9300000;137.9300000;137.9300000;1
MOEX.SBER:SMAL;60;20221118;220000;137.9300000;155.0000000;137.9300000;150.0000000;64
MOEX.SBER:SMAL;60;20221119;000000;147.1200000;147.1200000;140.0000000;140.0000000;6
MOEX.SBER:SMAL;60;20221121;110000;138.0000000;138.7400000;135.0000000;138.7400000;9
MOEX.SBER:SMAL;60;20221121;120000;134.7800000;135.6800000;133.6800000;133.6800000;20
MOEX.SBER:SMAL;60;20221121;130000;133.3100000;133.9800000;133.0200000;133.0200000;11
MOEX.SBER:SMAL;60;20221121;150000;133.9000000;134.9700000;133.9000000;134.0000000;7
MOEX.SBER:SMAL;60;20221121;160000;133.5000000;133.5000000;133.0100000;133.0100000;7
MOEX.SBER:SMAL;60;20221121;190000;133.0100000;135.7700000;132.0000000;133.0000000;253
MOEX.SBER:SMAL;60;20221121;200000;132.1000000;132.1000000;132.1000000;132.1000000;5
MOEX.SBER:SMAL;60;20221121;220000;133.9200000;134.0000000;133.9200000;134.0000000;25
MOEX.SBER:SMAL;60;20221122;110000;135.2200000;135.2200000;135.2200000;135.2200000;1
MOEX.SBER:SMAL;60;20221122;120000;134.6400000;134.6400000;134.6100000;134.6100000;4
MOEX.SBER:SMAL;60;20221122;130000;134.9800000;135.9400000;134.0100000;135.9400000;8
MOEX.SBER:SMAL;60;20221122;140000;135.0000000;135.0000000;134.5100000;134.5100000;3
MOEX.SBER:SMAL;60;20221122;150000;135.5000000;135.5000000;135.5000000;135.5000000;1
MOEX.SBER:SMAL;60;20221122;180000;135.5000000;135.5000000;135.5000000;135.5000000;1
MOEX.SBER:SMAL;60;20221122;190000;135.5000000;135.8900000;135.5000000;135.8900000;9
MOEX.SBER:SMAL;60;20221122;200000;135.9800000;135.9800000;135.9800000;135.9800000;1
MOEX.SBER:SMAL;60;20221122;230000;135.9600000;135.9600000;133.8200000;133.8200000;20
MOEX.SBER:SMAL;60;20221123;120000;134.8700000;134.8700000;134.8700000;134.8700000;1
MOEX.SBER:SMAL;60;20221123;130000;135.9800000;136.7800000;135.9800000;136.7800000;18
MOEX.SBER:SMAL;60;20221123;150000;136.7800000;136.7800000;136.5300000;136.5300000;4
MOEX.SBER:SMAL;60;20221123;170000;135.9400000;135.9400000;135.9300000;135.9300000;5
MOEX.SBER:SMAL;60;20221123;190000;136.0400000;136.0400000;135.0000000;135.0000000;186
MOEX.SBER:SMAL;60;20221124;000000;135.5300000;135.5300000;135.5300000;135.5300000;3
MOEX.SBER:SMAL;60;20221124;110000;135.0800000;135.0800000;133.7900000;133.7900000;7
MOEX.SBER:SMAL;60;20221124;120000;137.7500000;137.7500000;137.7500000;137.7500000;1
MOEX.SBER:SMAL;60;20221124;130000;135.8100000;137.6000000;135.8100000;135.8100000;8
MOEX.SBER:SMAL;60;20221124;140000;137.0000000;137.0000000;137.0000000;137.0000000;1
MOEX.SBER:SMAL;60;20221124;150000;137.5000000;137.5000000;137.5000000;137.5000000;1
MOEX.SBER:SMAL;60;20221124;160000;136.5000000;136.5000000;136.5000000;136.5000000;1
MOEX.SBER:SMAL;60;20221124;190000;137.0000000;138.0000000;136.0000000;136.0000000;107
MOEX.SBER:SMAL;60;20221125;130000;136.0000000;136.0000000;136.0000000;136.0000000;1
MOEX.SBER:SMAL;60;20221125;150000;135.5000000;135.5000000;134.8100000;134.8100000;6
MOEX.SBER:SMAL;60;20221125;160000;135.5000000;136.0000000;135.5000000;136.0000000;2
MOEX.SBER:SMAL;60;20221125;180000;135.5200000;135.5200000;135.0000000;135.0000000;92
MOEX.SBER:SMAL;60;20221126;000000;137.3700000;137.3900000;137.3700000;137.3800000;11
MOEX.SBER:SMAL;60;20221128;110000;134.0300000;134.0300000;134.0300000;134.0300000;4
MOEX.SBER:SMAL;60;20221128;120000;135.5000000;135.5000000;135.5000000;135.5000000;1
MOEX.SBER:SMAL;60;20221128;130000;135.0300000;135.0300000;135.0300000;135.0300000;8
MOEX.SBER:SMAL;60;20221128;160000;136.0000000;136.5000000;136.0000000;136.5000000;2
MOEX.SBER:SMAL;60;20221128;180000;136.0000000;136.0000000;136.0000000;136.0000000;1
MOEX.SBER:SMAL;60;20221128;190000;135.5000000;135.5000000;135.5000000;135.5000000;1
MOEX.SBER:SMAL;60;20221128;210000;134.8000000;134.8000000;134.8000000;134.8000000;6
MOEX.SBER:SMAL;60;20221129;120000;137.6000000;137.6000000;137.6000000;137.6000000;1
MOEX.SBER:SMAL;60;20221129;130000;134.5000000;134.5000000;134.4300000;134.4300000;2
MOEX.SBER:SMAL;60;20221129;160000;135.5000000;136.0000000;135.0000000;135.0000000;4
MOEX.SBER:SMAL;60;20221129;170000;135.5000000;135.5000000;135.5000000;135.5000000;1
MOEX.SBER:SMAL;60;20221129;190000;136.0000000;138.7500000;135.0000000;135.5000000;165
MOEX.SBER:SMAL;60;20221130;120000;135.5200000;135.5200000;135.5200000;135.5200000;1
MOEX.SBER:SMAL;60;20221130;140000;138.5300000;138.5600000;138.5300000;138.5600000;2
MOEX.SBER:SMAL;60;20221130;150000;138.5100000;138.5100000;138.4700000;138.4700000;5
MOEX.SBER:SMAL;60;20221130;160000;135.6900000;135.6900000;135.6900000;135.6900000;9
MOEX.SBER:SMAL;60;20221130;180000;135.5000000;135.5000000;135.5000000;135.5000000;9
MOEX.SBER:SMAL;60;20221130;190000;135.0800000;135.0800000;134.0600000;134.0600000;64
MOEX.SBER:SMAL;60;20221130;200000;135.9900000;135.9900000;135.9900000;135.9900000;1
MOEX.SBER:SMAL;60;20221130;210000;135.9900000;135.9900000;135.9900000;135.9900000;1
MOEX.SBER:SMAL;60;20221130;230000;136.2700000;136.2700000;136.2700000;136.2700000;6
MOEX.SBER:SMAL;60;20221201;000000;136.2700000;136.3200000;136.2700000;136.3200000;10
MOEX.SBER:SMAL;60;20221201;110000;136.0300000;138.7000000;136.0300000;138.7000000;9
MOEX.SBER:SMAL;60;20221201;120000;136.5000000;136.5000000;136.0300000;136.0300000;3
MOEX.SBER:SMAL;60;20221201;130000;138.3300000;138.3300000;138.0000000;138.0000000;2
MOEX.SBER:SMAL;60;20221201;140000;138.3100000;138.3100000;137.5000000;137.5000000;3
MOEX.SBER:SMAL;60;20221201;150000;137.0000000;137.0000000;137.0000000;137.0000000;1
MOEX.SBER:SMAL;60;20221201;160000;136.5000000;136.5000000;136.0400000;136.0400000;3
MOEX.SBER:SMAL;60;20221202;110000;134.8500000;134.8500000;134.8500000;134.8500000;3
MOEX.SBER:SMAL;60;20221202;150000;136.7300000;136.7300000;136.7300000;136.7300000;1
MOEX.SBER:SMAL;60;20221202;190000;136.0000000;136.0000000;135.0000000;135.0000000;154
MOEX.SBER:SMAL;60;20221202;210000;136.7300000;136.7300000;136.7300000;136.7300000;1
MOEX.SBER:SMAL;60;20221203;000000;136.7300000;136.7300000;136.7300000;136.7300000;5
MOEX.SBER:SMAL;60;20221205;110000;136.7300000;140.0000000;136.7300000;140.0000000;13
MOEX.SBER:SMAL;60;20221205;120000;138.0800000;140.6000000;137.7700000;140.6000000;18
MOEX.SBER:SMAL;60;20221205;130000;141.0000000;141.0000000;141.0000000;141.0000000;1
MOEX.SBER:SMAL;60;20221205;170000;141.3500000;141.3500000;141.3500000;141.3500000;2
MOEX.SBER:SMAL;60;20221205;180000;140.0500000;141.3500000;140.0000000;141.3500000;269
MOEX.SBER:SMAL;60;20221205;190000;141.3500000;141.8500000;139.0600000;141.8500000;17
MOEX.SBER:SMAL;60;20221205;200000;142.2100000;142.3600000;142.2100000;142.3600000;9
MOEX.SBER:SMAL;60;20221205;220000;138.3000000;138.3000000;138.3000000;138.3000000;3
MOEX.SBER:SMAL;60;20221206;130000;137.6200000;139.0000000;137.6200000;139.0000000;8
MOEX.SBER:SMAL;60;20221206;140000;141.3000000;141.3000000;141.3000000;141.3000000;1
MOEX.SBER:SMAL;60;20221206;170000;140.5000000;140.5000000;140.5000000;140.5000000;3
MOEX.SBER:SMAL;60;20221206;190000;141.5000000;141.5200000;141.5000000;141.5200000;7
MOEX.SBER:SMAL;60;20221206;220000;142.7600000;142.7600000;142.7600000;142.7600000;4
MOEX.SBER:SMAL;60;20221207;120000;139.9800000;139.9800000;139.9800000;139.9800000;1
MOEX.SBER:SMAL;60;20221207;140000;138.0500000;140.8400000;138.0500000;140.8400000;3
MOEX.SBER:SMAL;60;20221207;150000;140.0000000;140.8000000;139.0100000;139.0100000;16
MOEX.SBER:SMAL;60;20221207;170000;140.8100000;140.9800000;140.8100000;140.9800000;8
MOEX.SBER:SMAL;60;20221207;180000;141.5000000;142.5000000;141.5000000;142.5000000;12
MOEX.SBER:SMAL;60;20221207;190000;142.0000000;142.9700000;141.0000000;142.9700000;216
